case_id,gold_count,mapped_gold_count,unmapped_gold_count,returned_candidate_count,graph_candidate_count,graph_candidates_before_rerank,merged_candidate_count,final_graph_candidate_count,flat_fallback_candidate_count,graph_expansion_used,selected_score_scope,retrieved_count,hit@1,full_recall@1,precision@1,recall@1,f1@1,mrr@1,hit@3,full_recall@3,precision@3,recall@3,f1@3,mrr@3,hit@5,full_recall@5,precision@5,recall@5,f1@5,mrr@5,hit@8,full_recall@8,precision@8,recall@8,f1@8,mrr@8,hit@30,full_recall@30,precision@30,recall@30,f1@30,mrr@30,gold_keys,predicted_keys,end_to_end_predicted_keys,graph_traversal_predicted_keys,matched_keys,missing_keys,unmapped_gold_provisions
case_4101,6,6,0,30,8,20,81,8,22,True,end_to_end,22,0.0,0.0,0.0,0.0,0.0,0.0,0.0,0.0,0.0,0.0,0.0,0.0,0.0,0.0,0.0,0.0,0.0,0.0,0.0,0.0,0.0,0.0,0.0,0.0,1.0,0.0,0.045454545454545456,0.16666666666666666,0.07142857142857144,0.09090909090909091,91/2015/QH13:558 91/2015/QH13:584 91/2015/QH13:590 91/2015/QH13:603 92/2015/QH13:157 92/2015/QH13:158,91/2015/QH13:588 91/2015/QH13:429 91/2015/QH13:687 93/2015/QH13:193 93/2015/QH13:7 92/2015/QH13:192 93/2015/QH13:173 92/2015/QH13:40 92/2015/QH13:465 92/2015/QH13:244 91/2015/QH13:603 92/2015/QH13:217 92/2015/QH13:473 26/2008/QH12:102 92/2015/QH13:134 91/2015/QH13:155 91/2015/QH13:478 91/2015/QH13:419 26/2008/QH12:75 326/2016/UBTVQH14:27 326/2016/UBTVQH14:31 91/2015/QH13:595,"['91/2015/QH13:588', '91/2015/QH13:429', '91/2015/QH13:687', '93/2015/QH13:193', '93/2015/QH13:7', '92/2015/QH13:192', '93/2015/QH13:173', '92/2015/QH13:40', '92/2015/QH13:465', '92/2015/QH13:244', '91/2015/QH13:603', '92/2015/QH13:217', '92/2015/QH13:473', '26/2008/QH12:102', '92/2015/QH13:134', '91/2015/QH13:155', '91/2015/QH13:478', '91/2015/QH13:419', '26/2008/QH12:75', '326/2016/UBTVQH14:27', '326/2016/UBTVQH14:31', '91/2015/QH13:595']","['91/2015/QH13:588', '91/2015/QH13:429', '91/2015/QH13:687', '93/2015/QH13:7', '93/2015/QH13:173', '92/2015/QH13:465', '92/2015/QH13:244', '91/2015/QH13:603']",91/2015/QH13:603,91/2015/QH13:558 91/2015/QH13:584 91/2015/QH13:590 92/2015/QH13:157 92/2015/QH13:158,
case_4337,7,1,6,30,8,33,74,8,22,True,end_to_end,22,0.0,0.0,0.0,0.0,0.0,0.0,0.0,0.0,0.0,0.0,0.0,0.0,0.0,0.0,0.0,0.0,0.0,0.0,0.0,0.0,0.0,0.0,0.0,0.0,0.0,0.0,0.0,0.0,0.0,0.0,92/2015/QH13:308,91/2015/QH13:444 45/2013/QH13:98 45/2013/QH13:99 92/2015/QH13:192 45/2013/QH13:100 92/2015/QH13:40 66/2014/QH13:9 45/2013/QH13:101 52/2014/QH13:34 326/2016/UBTVQH14:27 91/2015/QH13:184 45/2013/QH13:3 45/2013/QH13:75 45/2013/QH13:103 45/2013/QH13:188 26/2008/QH12:116 45/2013/QH13:95 45/2013/QH13:167 45/2013/QH13:166 45/2013/QH13:203 66/2014/QH13:77 92/2015/QH13:26,"['91/2015/QH13:444', '45/2013/QH13:98', '45/2013/QH13:99', '92/2015/QH13:192', '45/2013/QH13:100', '92/2015/QH13:40', '66/2014/QH13:9', '45/2013/QH13:101', '52/2014/QH13:34', '326/2016/UBTVQH14:27', '91/2015/QH13:184', '45/2013/QH13:3', '45/2013/QH13:75', '45/2013/QH13:103', '45/2013/QH13:188', '26/2008/QH12:116', '45/2013/QH13:95', '45/2013/QH13:167', '45/2013/QH13:166', '45/2013/QH13:203', '66/2014/QH13:77', '92/2015/QH13:26']","['91/2015/QH13:444', '45/2013/QH13:99', '66/2014/QH13:9', '45/2013/QH13:101', '52/2014/QH13:34', '91/2015/QH13:184']",,92/2015/QH13:308,Bộ luật Dân sự 1995 | Article 131 | legacy_law_not_in_index Bộ luật Dân sự 1995 | Article 173 | legacy_law_not_in_index Bộ luật Dân sự 1995 | Article 421 | legacy_law_not_in_index Bộ luật Dân sự 2005 | Article 197 | legacy_law_not_in_index Bộ luật Dân sự 2005 | Article 199 | legacy_law_not_in_index Bộ luật Dân sự 2005 | Article 221 | legacy_law_not_in_index
case_4588,14,10,4,30,8,47,103,8,22,True,end_to_end,22,0.0,0.0,0.0,0.0,0.0,0.0,0.0,0.0,0.0,0.0,0.0,0.0,0.0,0.0,0.0,0.0,0.0,0.0,0.0,0.0,0.0,0.0,0.0,0.0,0.0,0.0,0.0,0.0,0.0,0.0,26/2008/QH12:2 26/2008/QH12:30 26/2008/QH12:6 26/2008/QH12:7 26/2008/QH12:9 92/2015/QH13:185 92/2015/QH13:26 92/2015/QH13:35 92/2015/QH13:37 92/2015/QH13:39,91/2015/QH13:659 92/2015/QH13:40 91/2015/QH13:642 91/2015/QH13:623 326/2016/UBTVQH14:27 91/2015/QH13:615 91/2015/QH13:609 91/2015/QH13:661 91/2015/QH13:660 91/2015/QH13:644 92/2015/QH13:192 52/2014/QH13:66 91/2015/QH13:655 91/2015/QH13:657 91/2015/QH13:625 91/2015/QH13:645 92/2015/QH13:68 91/2015/QH13:662 91/2015/QH13:613 91/2015/QH13:656 91/2015/QH13:651 91/2015/QH13:622,"['91/2015/QH13:659', '92/2015/QH13:40', '91/2015/QH13:642', '91/2015/QH13:623', '326/2016/UBTVQH14:27', '91/2015/QH13:615', '91/2015/QH13:609', '91/2015/QH13:661', '91/2015/QH13:660', '91/2015/QH13:644', '92/2015/QH13:192', '52/2014/QH13:66', '91/2015/QH13:655', '91/2015/QH13:657', '91/2015/QH13:625', '91/2015/QH13:645', '92/2015/QH13:68', '91/2015/QH13:662', '91/2015/QH13:613', '91/2015/QH13:656', '91/2015/QH13:651', '91/2015/QH13:622']","['91/2015/QH13:659', '91/2015/QH13:642', '91/2015/QH13:623', '91/2015/QH13:615', '91/2015/QH13:609', '91/2015/QH13:661', '91/2015/QH13:660', '91/2015/QH13:644']",,26/2008/QH12:2 26/2008/QH12:30 26/2008/QH12:6 26/2008/QH12:7 26/2008/QH12:9 92/2015/QH13:185 92/2015/QH13:26 92/2015/QH13:35 92/2015/QH13:37 92/2015/QH13:39,Bộ luật Dân sự 2005 | Article 224 | legacy_law_not_in_index Bộ luật Dân sự 2005 | Article 305 | legacy_law_not_in_index Bộ luật Dân sự 2005 | Article 631 | legacy_law_not_in_index Bộ luật Dân sự 2005 | Article 645 | legacy_law_not_in_index
case_4616,19,12,7,30,8,17,74,8,22,True,end_to_end,22,0.0,0.0,0.0,0.0,0.0,0.0,0.0,0.0,0.0,0.0,0.0,0.0,0.0,0.0,0.0,0.0,0.0,0.0,0.0,0.0,0.0,0.0,0.0,0.0,0.0,0.0,0.0,0.0,0.0,0.0,92/2015/QH13:133 92/2015/QH13:137 92/2015/QH13:138 92/2015/QH13:147 92/2015/QH13:2 92/2015/QH13:244 92/2015/QH13:30 92/2015/QH13:35 92/2015/QH13:37 92/2015/QH13:39 92/2015/QH13:469 92/2015/QH13:474,91/2015/QH13:429 92/2015/QH13:40 91/2015/QH13:478 92/2015/QH13:192 91/2015/QH13:155 92/2015/QH13:189 91/2015/QH13:292 91/2015/QH13:336 45/2013/QH13:183 93/2015/QH13:118 47/2010/QH12:4 92/2015/QH13:68 92/2015/QH13:210 66/2014/QH13:77 91/2015/QH13:444 66/2014/QH13:56 92/2015/QH13:465 92/2015/QH13:91 26/2008/QH12:75 93/2015/QH13:66 91/2015/QH13:345 26/2008/QH12:65,"['91/2015/QH13:429', '92/2015/QH13:40', '91/2015/QH13:478', '92/2015/QH13:192', '91/2015/QH13:155', '92/2015/QH13:189', '91/2015/QH13:292', '91/2015/QH13:336', '45/2013/QH13:183', '93/2015/QH13:118', '47/2010/QH12:4', '92/2015/QH13:68', '92/2015/QH13:210', '66/2014/QH13:77', '91/2015/QH13:444', '66/2014/QH13:56', '92/2015/QH13:465', '92/2015/QH13:91', '26/2008/QH12:75', '93/2015/QH13:66', '91/2015/QH13:345', '26/2008/QH12:65']","['91/2015/QH13:429', '91/2015/QH13:478', '91/2015/QH13:155', '91/2015/QH13:292', '91/2015/QH13:336', '93/2015/QH13:118', '92/2015/QH13:192', '92/2015/QH13:40']",,92/2015/QH13:133 92/2015/QH13:137 92/2015/QH13:138 92/2015/QH13:147 92/2015/QH13:2 92/2015/QH13:244 92/2015/QH13:30 92/2015/QH13:35 92/2015/QH13:37 92/2015/QH13:39 92/2015/QH13:469 92/2015/QH13:474,Bộ Luật dân sự 2005 | Article 122 | legacy_law_not_in_index Bộ Luật dân sự 2005 | Article 124 | legacy_law_not_in_index Bộ Luật dân sự 2005 | Article 323 | legacy_law_not_in_index Bộ Luật dân sự 2005 | Article 351 | legacy_law_not_in_index Bộ Luật dân sự 2005 | Article 355 | legacy_law_not_in_index Bộ Luật dân sự 2005 | Article 369 | legacy_law_not_in_index Bộ Luật dân sự 2005 | Article 474 | legacy_law_not_in_index
case_6616,28,27,1,30,8,33,87,8,22,True,end_to_end,22,1.0,0.0,1.0,0.037037037037037035,0.07142857142857142,1.0,1.0,0.0,0.6666666666666666,0.07407407407407407,0.13333333333333333,1.0,1.0,0.0,0.4,0.07407407407407407,0.125,1.0,1.0,0.0,0.25,0.07407407407407407,0.11428571428571428,1.0,1.0,0.0,0.18181818181818182,0.14814814814814814,0.16326530612244897,1.0,326/2016/UBTVQH14:12 326/2016/UBTVQH14:27 45/2013/QH13:100 52/2014/QH13:33 52/2014/QH13:66 60/2014/QH13:21 91/2015/QH13:155 91/2015/QH13:213 91/2015/QH13:46 91/2015/QH13:57 91/2015/QH13:58 91/2015/QH13:623 91/2015/QH13:649 91/2015/QH13:650 91/2015/QH13:651 91/2015/QH13:660 91/2015/QH13:9 92/2015/QH13:147 92/2015/QH13:157 92/2015/QH13:227 92/2015/QH13:229 92/2015/QH13:26 92/2015/QH13:273 92/2015/QH13:35 92/2015/QH13:39 92/2015/QH13:91 92/2015/QH13:92,91/2015/QH13:623 92/2015/QH13:40 92/2015/QH13:26 91/2015/QH13:617 45/2013/QH13:186 91/2015/QH13:680 45/2013/QH13:188 45/2013/QH13:179 92/2015/QH13:192 91/2015/QH13:655 92/2015/QH13:68 91/2015/QH13:651 326/2016/UBTVQH14:27 45/2013/QH13:99 91/2015/QH13:662 91/2015/QH13:659 45/2013/QH13:167 91/2015/QH13:661 93/2015/QH13:59 91/2015/QH13:429 45/2013/QH13:166 45/2013/QH13:26,"['91/2015/QH13:623', '92/2015/QH13:40', '92/2015/QH13:26', '91/2015/QH13:617', '45/2013/QH13:186', '91/2015/QH13:680', '45/2013/QH13:188', '45/2013/QH13:179', '92/2015/QH13:192', '91/2015/QH13:655', '92/2015/QH13:68', '91/2015/QH13:651', '326/2016/UBTVQH14:27', '45/2013/QH13:99', '91/2015/QH13:662', '91/2015/QH13:659', '45/2013/QH13:167', '91/2015/QH13:661', '93/2015/QH13:59', '91/2015/QH13:429', '45/2013/QH13:166', '45/2013/QH13:26']","['91/2015/QH13:623', '92/2015/QH13:26', '91/2015/QH13:617', '91/2015/QH13:680', '45/2013/QH13:188', '91/2015/QH13:655', '91/2015/QH13:651']",326/2016/UBTVQH14:27 91/2015/QH13:623 91/2015/QH13:651 92/2015/QH13:26,326/2016/UBTVQH14:12 45/2013/QH13:100 52/2014/QH13:33 52/2014/QH13:66 60/2014/QH13:21 91/2015/QH13:155 91/2015/QH13:213 91/2015/QH13:46 91/2015/QH13:57 91/2015/QH13:58 91/2015/QH13:649 91/2015/QH13:650 91/2015/QH13:660 91/2015/QH13:9 92/2015/QH13:147 92/2015/QH13:157 92/2015/QH13:227 92/2015/QH13:229 92/2015/QH13:273 92/2015/QH13:35 92/2015/QH13:39 92/2015/QH13:91 92/2015/QH13:92,Luật Đất đai năm 1987 | Article 1 | legacy_law_not_in_index
case_5226,15,15,0,30,8,49,107,8,22,True,end_to_end,22,0.0,0.0,0.0,0.0,0.0,0.0,0.0,0.0,0.0,0.0,0.0,0.0,1.0,0.0,0.2,0.06666666666666667,0.1,0.25,1.0,0.0,0.125,0.06666666666666667,0.08695652173913045,0.25,1.0,0.0,0.09090909090909091,0.13333333333333333,0.10810810810810811,0.25,91/2015/QH13:116 91/2015/QH13:117 91/2015/QH13:136 91/2015/QH13:299 91/2015/QH13:317 91/2015/QH13:318 91/2015/QH13:319 91/2015/QH13:320 91/2015/QH13:323 91/2015/QH13:466 91/2015/QH13:688 92/2015/QH13:147 92/2015/QH13:227 92/2015/QH13:26 92/2015/QH13:35,66/2014/QH13:77 92/2015/QH13:192 91/2015/QH13:478 91/2015/QH13:318 91/2015/QH13:429 47/2010/QH12:95 45/2013/QH13:179 91/2015/QH13:345 91/2015/QH13:155 91/2015/QH13:444 91/2015/QH13:307 91/2015/QH13:440 91/2015/QH13:466 91/2015/QH13:325 45/2013/QH13:183 91/2015/QH13:326 45/2013/QH13:203 45/2013/QH13:98 45/2013/QH13:99 92/2015/QH13:40 47/2010/QH12:4 91/2015/QH13:332,"['66/2014/QH13:77', '92/2015/QH13:192', '91/2015/QH13:478', '91/2015/QH13:318', '91/2015/QH13:429', '47/2010/QH12:95', '45/2013/QH13:179', '91/2015/QH13:345', '91/2015/QH13:155', '91/2015/QH13:444', '91/2015/QH13:307', '91/2015/QH13:440', '91/2015/QH13:466', '91/2015/QH13:325', '45/2013/QH13:183', '91/2015/QH13:326', '45/2013/QH13:203', '45/2013/QH13:98', '45/2013/QH13:99', '92/2015/QH13:40', '47/2010/QH12:4', '91/2015/QH13:332']","['66/2014/QH13:77', '91/2015/QH13:478', '91/2015/QH13:429', '91/2015/QH13:318', '47/2010/QH12:95', '91/2015/QH13:345', '91/2015/QH13:155', '91/2015/QH13:444']",91/2015/QH13:318 91/2015/QH13:466,91/2015/QH13:116 91/2015/QH13:117 91/2015/QH13:136 91/2015/QH13:299 91/2015/QH13:317 91/2015/QH13:319 91/2015/QH13:320 91/2015/QH13:323 91/2015/QH13:688 92/2015/QH13:147 92/2015/QH13:227 92/2015/QH13:26 92/2015/QH13:35,
case_6284,14,14,0,30,8,53,103,8,22,True,end_to_end,22,0.0,0.0,0.0,0.0,0.0,0.0,1.0,0.0,0.3333333333333333,0.07142857142857142,0.11764705882352941,0.3333333333333333,1.0,0.0,0.6,0.21428571428571427,0.3157894736842105,0.3333333333333333,1.0,0.0,0.375,0.21428571428571427,0.2727272727272727,0.3333333333333333,1.0,0.0,0.22727272727272727,0.35714285714285715,0.2777777777777778,0.3333333333333333,326/2016/UBTVQH14:27 45/2013/QH13:166 45/2013/QH13:167 45/2013/QH13:169 45/2013/QH13:188 91/2015/QH13:117 91/2015/QH13:124 91/2015/QH13:500 91/2015/QH13:502 92/2015/QH13:227 92/2015/QH13:228 92/2015/QH13:26 92/2015/QH13:35 92/2015/QH13:39,91/2015/QH13:429 92/2015/QH13:40 45/2013/QH13:188 45/2013/QH13:167 326/2016/UBTVQH14:27 45/2013/QH13:99 45/2013/QH13:203 66/2014/QH13:53 45/2013/QH13:100 45/2013/QH13:95 92/2015/QH13:192 92/2015/QH13:26 45/2013/QH13:98 91/2015/QH13:500 66/2014/QH13:49 66/2014/QH13:39 66/2014/QH13:47 45/2013/QH13:168 45/2013/QH13:3 66/2014/QH13:40 66/2014/QH13:59 92/2015/QH13:189,"['91/2015/QH13:429', '92/2015/QH13:40', '45/2013/QH13:188', '45/2013/QH13:167', '326/2016/UBTVQH14:27', '45/2013/QH13:99', '45/2013/QH13:203', '66/2014/QH13:53', '45/2013/QH13:100', '45/2013/QH13:95', '92/2015/QH13:192', '92/2015/QH13:26', '45/2013/QH13:98', '91/2015/QH13:500', '66/2014/QH13:49', '66/2014/QH13:39', '66/2014/QH13:47', '45/2013/QH13:168', '45/2013/QH13:3', '66/2014/QH13:40', '66/2014/QH13:59', '92/2015/QH13:189']","['91/2015/QH13:429', '45/2013/QH13:188', '45/2013/QH13:167', '45/2013/QH13:99', '66/2014/QH13:53']",326/2016/UBTVQH14:27 45/2013/QH13:167 45/2013/QH13:188 91/2015/QH13:500 92/2015/QH13:26,45/2013/QH13:166 45/2013/QH13:169 91/2015/QH13:117 91/2015/QH13:124 91/2015/QH13:502 92/2015/QH13:227 92/2015/QH13:228 92/2015/QH13:35 92/2015/QH13:39,
case_3995,6,6,0,30,8,20,61,8,22,True,end_to_end,22,0.0,0.0,0.0,0.0,0.0,0.0,0.0,0.0,0.0,0.0,0.0,0.0,1.0,0.0,0.2,0.16666666666666666,0.1818181818181818,0.2,1.0,0.0,0.125,0.16666666666666666,0.14285714285714288,0.2,1.0,0.0,0.09090909090909091,0.3333333333333333,0.14285714285714288,0.2,45/2013/QH13:135 45/2013/QH13:202 45/2013/QH13:203 91/2015/QH13:192 91/2015/QH13:256 91/2015/QH13:688,92/2015/QH13:68 92/2015/QH13:40 91/2015/QH13:184 92/2015/QH13:192 45/2013/QH13:203 92/2015/QH13:194 92/2015/QH13:472 92/2015/QH13:465 45/2013/QH13:101 100/2015/QH13:233 92/2015/QH13:26 100/2015/QH13:229 100/2015/QH13:228 91/2015/QH13:429 92/2015/QH13:217 92/2015/QH13:245 45/2013/QH13:58 93/2015/QH13:33 93/2015/QH13:123 45/2013/QH13:3 45/2013/QH13:202 92/2015/QH13:189,"['92/2015/QH13:68', '92/2015/QH13:40', '91/2015/QH13:184', '92/2015/QH13:192', '45/2013/QH13:203', '92/2015/QH13:194', '92/2015/QH13:472', '92/2015/QH13:465', '45/2013/QH13:101', '100/2015/QH13:233', '92/2015/QH13:26', '100/2015/QH13:229', '100/2015/QH13:228', '91/2015/QH13:429', '92/2015/QH13:217', '92/2015/QH13:245', '45/2013/QH13:58', '93/2015/QH13:33', '93/2015/QH13:123', '45/2013/QH13:3', '45/2013/QH13:202', '92/2015/QH13:189']","['92/2015/QH13:68', '91/2015/QH13:184', '45/2013/QH13:203', '92/2015/QH13:472', '92/2015/QH13:465', '45/2013/QH13:101', '92/2015/QH13:192']",45/2013/QH13:202 45/2013/QH13:203,45/2013/QH13:135 91/2015/QH13:192 91/2015/QH13:256 91/2015/QH13:688,
case_6384,18,16,2,30,8,58,99,8,22,True,end_to_end,22,0.0,0.0,0.0,0.0,0.0,0.0,1.0,0.0,0.3333333333333333,0.0625,0.10526315789473684,0.3333333333333333,1.0,0.0,0.2,0.0625,0.09523809523809523,0.3333333333333333,1.0,0.0,0.125,0.0625,0.08333333333333333,0.3333333333333333,1.0,0.0,0.09090909090909091,0.125,0.10526315789473685,0.3333333333333333,326/2016/UBTVQH14:12 326/2016/UBTVQH14:26 45/2013/QH13:100 45/2013/QH13:203 91/2015/QH13:105 91/2015/QH13:11 91/2015/QH13:115 91/2015/QH13:166 91/2015/QH13:169 91/2015/QH13:189 92/2015/QH13:147 92/2015/QH13:158 92/2015/QH13:161 92/2015/QH13:165 92/2015/QH13:26 92/2015/QH13:35,45/2013/QH13:99 92/2015/QH13:40 45/2013/QH13:100 45/2013/QH13:95 45/2013/QH13:102 45/2013/QH13:166 45/2013/QH13:98 45/2013/QH13:106 45/2013/QH13:101 45/2013/QH13:3 45/2013/QH13:169 45/2013/QH13:26 45/2013/QH13:75 100/2015/QH13:264 45/2013/QH13:62 45/2013/QH13:203 45/2013/QH13:179 66/2014/QH13:9 45/2013/QH13:82 45/2013/QH13:4 26/2008/QH12:106 45/2013/QH13:149,"['45/2013/QH13:99', '92/2015/QH13:40', '45/2013/QH13:100', '45/2013/QH13:95', '45/2013/QH13:102', '45/2013/QH13:166', '45/2013/QH13:98', '45/2013/QH13:106', '45/2013/QH13:101', '45/2013/QH13:3', '45/2013/QH13:169', '45/2013/QH13:26', '45/2013/QH13:75', '100/2015/QH13:264', '45/2013/QH13:62', '45/2013/QH13:203', '45/2013/QH13:179', '66/2014/QH13:9', '45/2013/QH13:82', '45/2013/QH13:4', '26/2008/QH12:106', '45/2013/QH13:149']","['45/2013/QH13:99', '45/2013/QH13:95', '45/2013/QH13:166']",45/2013/QH13:100 45/2013/QH13:203,326/2016/UBTVQH14:12 326/2016/UBTVQH14:26 91/2015/QH13:105 91/2015/QH13:11 91/2015/QH13:115 91/2015/QH13:166 91/2015/QH13:169 91/2015/QH13:189 92/2015/QH13:147 92/2015/QH13:158 92/2015/QH13:161 92/2015/QH13:165 92/2015/QH13:26 92/2015/QH13:35,Luật Đất đai năm 2003 | Article 50 | legacy_law_not_in_index Luật Đất đai năm 2003 | Article 105 | legacy_law_not_in_index
case_8219,15,12,3,30,8,28,83,8,22,True,end_to_end,22,0.0,0.0,0.0,0.0,0.0,0.0,0.0,0.0,0.0,0.0,0.0,0.0,0.0,0.0,0.0,0.0,0.0,0.0,0.0,0.0,0.0,0.0,0.0,0.0,0.0,0.0,0.0,0.0,0.0,0.0,326/2016/UBTVQH14:12 326/2016/UBTVQH14:26 91/2015/QH13:357 91/2015/QH13:468 92/2015/QH13:147 92/2015/QH13:227 92/2015/QH13:228 92/2015/QH13:26 92/2015/QH13:273 92/2015/QH13:35 92/2015/QH13:39 92/2015/QH13:91,91/2015/QH13:429 92/2015/QH13:192 100/2015/QH13:340 100/2015/QH13:195 326/2016/UBTVQH14:27 100/2015/QH13:192 91/2015/QH13:463 100/2015/QH13:256 100/2015/QH13:175 92/2015/QH13:68 100/2015/QH13:191 92/2015/QH13:472 100/2015/QH13:189 100/2015/QH13:188 93/2015/QH13:118 92/2015/QH13:40 100/2015/QH13:238 91/2015/QH13:494 93/2015/QH13:366 100/2015/QH13:200 26/2008/QH12:75 100/2015/QH13:201,"['91/2015/QH13:429', '92/2015/QH13:192', '100/2015/QH13:340', '100/2015/QH13:195', '326/2016/UBTVQH14:27', '100/2015/QH13:192', '91/2015/QH13:463', '100/2015/QH13:256', '100/2015/QH13:175', '92/2015/QH13:68', '100/2015/QH13:191', '92/2015/QH13:472', '100/2015/QH13:189', '100/2015/QH13:188', '93/2015/QH13:118', '92/2015/QH13:40', '100/2015/QH13:238', '91/2015/QH13:494', '93/2015/QH13:366', '100/2015/QH13:200', '26/2008/QH12:75', '100/2015/QH13:201']","['91/2015/QH13:429', '100/2015/QH13:340', '326/2016/UBTVQH14:27', '91/2015/QH13:463', '100/2015/QH13:256', '100/2015/QH13:175', '92/2015/QH13:472']",,326/2016/UBTVQH14:12 326/2016/UBTVQH14:26 91/2015/QH13:357 91/2015/QH13:468 92/2015/QH13:147 92/2015/QH13:227 92/2015/QH13:228 92/2015/QH13:26 92/2015/QH13:273 92/2015/QH13:35 92/2015/QH13:39 92/2015/QH13:91,Bộ luật Dân sự năm 2005 | Article 471 | legacy_law_not_in_index Bộ luật Dân sự năm 2005 | Article 474 | legacy_law_not_in_index Bộ luật Dân sự năm 2005 | Article 492 | legacy_law_not_in_index
case_2705,8,7,1,30,8,30,74,8,22,True,end_to_end,23,0.0,0.0,0.0,0.0,0.0,0.0,0.0,0.0,0.0,0.0,0.0,0.0,0.0,0.0,0.0,0.0,0.0,0.0,0.0,0.0,0.0,0.0,0.0,0.0,0.0,0.0,0.0,0.0,0.0,0.0,326/2016/UBTVQH14:48 91/2015/QH13:123 91/2015/QH13:131 91/2015/QH13:357 91/2015/QH13:513 91/2015/QH13:514 92/2015/QH13:147,92/2015/QH13:68 92/2015/QH13:192 91/2015/QH13:429 100/2015/QH13:276 93/2015/QH13:235 92/2015/QH13:40 93/2015/QH13:118 92/2015/QH13:189 92/2015/QH13:299 91/2015/QH13:427 100/2015/QH13:323 93/2015/QH13:33 93/2015/QH13:117 100/2015/QH13:193 92/2015/QH13:217 100/2015/QH13:261 93/2015/QH13:3 100/2015/QH13:262 100/2015/QH13:195 92/2015/QH13:245 93/2015/QH13:234 100/2015/QH13:326 100/2015/QH13:333,"['92/2015/QH13:68', '92/2015/QH13:192', '91/2015/QH13:429', '100/2015/QH13:276', '93/2015/QH13:235', '92/2015/QH13:40', '93/2015/QH13:118', '92/2015/QH13:189', '92/2015/QH13:299', '91/2015/QH13:427', '100/2015/QH13:323', '93/2015/QH13:33', '93/2015/QH13:117', '100/2015/QH13:193', '92/2015/QH13:217', '100/2015/QH13:261', '93/2015/QH13:3', '100/2015/QH13:262', '100/2015/QH13:195', '92/2015/QH13:245', '93/2015/QH13:234', '100/2015/QH13:326', '100/2015/QH13:333']","['92/2015/QH13:68', '91/2015/QH13:429', '93/2015/QH13:235', '93/2015/QH13:118', '92/2015/QH13:299', '91/2015/QH13:427', '100/2015/QH13:323', '93/2015/QH13:117']",,326/2016/UBTVQH14:48 91/2015/QH13:123 91/2015/QH13:131 91/2015/QH13:357 91/2015/QH13:513 91/2015/QH13:514 92/2015/QH13:147,"Pháp lệnh án phí, lệ phí Tòa án | Article 27 | legacy_law_not_in_index"
case_3263,9,9,0,30,8,17,50,8,22,True,end_to_end,22,0.0,0.0,0.0,0.0,0.0,0.0,0.0,0.0,0.0,0.0,0.0,0.0,0.0,0.0,0.0,0.0,0.0,0.0,0.0,0.0,0.0,0.0,0.0,0.0,0.0,0.0,0.0,0.0,0.0,0.0,326/2016/UBTVQH14:27 52/2014/QH13:37 91/2015/QH13:357 91/2015/QH13:463 91/2015/QH13:466 91/2015/QH13:468 91/2015/QH13:471 92/2015/QH13:228 92/2015/QH13:244,91/2015/QH13:429 100/2015/QH13:188 92/2015/QH13:68 100/2015/QH13:196 100/2015/QH13:380 100/2015/QH13:190 100/2015/QH13:320 100/2015/QH13:238 100/2015/QH13:283 100/2015/QH13:191 100/2015/QH13:227 100/2015/QH13:211 100/2015/QH13:242 100/2015/QH13:234 100/2015/QH13:232 100/2015/QH13:200 92/2015/QH13:40 100/2015/QH13:217 92/2015/QH13:210 100/2015/QH13:264 100/2015/QH13:284 93/2015/QH13:118,"['91/2015/QH13:429', '100/2015/QH13:188', '92/2015/QH13:68', '100/2015/QH13:196', '100/2015/QH13:380', '100/2015/QH13:190', '100/2015/QH13:320', '100/2015/QH13:238', '100/2015/QH13:283', '100/2015/QH13:191', '100/2015/QH13:227', '100/2015/QH13:211', '100/2015/QH13:242', '100/2015/QH13:234', '100/2015/QH13:232', '100/2015/QH13:200', '92/2015/QH13:40', '100/2015/QH13:217', '92/2015/QH13:210', '100/2015/QH13:264', '100/2015/QH13:284', '93/2015/QH13:118']","['91/2015/QH13:429', '92/2015/QH13:68', '100/2015/QH13:380', '100/2015/QH13:320', '100/2015/QH13:283', '100/2015/QH13:227', '100/2015/QH13:238', '100/2015/QH13:242']",,326/2016/UBTVQH14:27 52/2014/QH13:37 91/2015/QH13:357 91/2015/QH13:463 91/2015/QH13:466 91/2015/QH13:468 91/2015/QH13:471 92/2015/QH13:228 92/2015/QH13:244,
case_9125,12,12,0,30,8,27,62,8,22,True,end_to_end,22,0.0,0.0,0.0,0.0,0.0,0.0,0.0,0.0,0.0,0.0,0.0,0.0,0.0,0.0,0.0,0.0,0.0,0.0,0.0,0.0,0.0,0.0,0.0,0.0,1.0,0.0,0.045454545454545456,0.08333333333333333,0.05882352941176471,0.05,326/2016/UBTVQH14:12 45/2013/QH13:203 45/2013/QH13:26 91/2015/QH13:115 91/2015/QH13:468 92/2015/QH13:147 92/2015/QH13:157 92/2015/QH13:165 92/2015/QH13:228 92/2015/QH13:26 92/2015/QH13:273 92/2015/QH13:34,92/2015/QH13:68 92/2015/QH13:192 92/2015/QH13:194 93/2015/QH13:118 92/2015/QH13:40 91/2015/QH13:429 93/2015/QH13:33 93/2015/QH13:235 93/2015/QH13:193 93/2015/QH13:78 92/2015/QH13:472 92/2015/QH13:217 92/2015/QH13:465 45/2013/QH13:169 93/2015/QH13:3 92/2015/QH13:299 93/2015/QH13:124 45/2013/QH13:188 45/2013/QH13:99 45/2013/QH13:203 92/2015/QH13:245 93/2015/QH13:119,"['92/2015/QH13:68', '92/2015/QH13:192', '92/2015/QH13:194', '93/2015/QH13:118', '92/2015/QH13:40', '91/2015/QH13:429', '93/2015/QH13:33', '93/2015/QH13:235', '93/2015/QH13:193', '93/2015/QH13:78', '92/2015/QH13:472', '92/2015/QH13:217', '92/2015/QH13:465', '45/2013/QH13:169', '93/2015/QH13:3', '92/2015/QH13:299', '93/2015/QH13:124', '45/2013/QH13:188', '45/2013/QH13:99', '45/2013/QH13:203', '92/2015/QH13:245', '93/2015/QH13:119']","['92/2015/QH13:68', '92/2015/QH13:194', '93/2015/QH13:118', '91/2015/QH13:429', '93/2015/QH13:235', '93/2015/QH13:78', '92/2015/QH13:472', '92/2015/QH13:465']",45/2013/QH13:203,326/2016/UBTVQH14:12 45/2013/QH13:26 91/2015/QH13:115 91/2015/QH13:468 92/2015/QH13:147 92/2015/QH13:157 92/2015/QH13:165 92/2015/QH13:228 92/2015/QH13:26 92/2015/QH13:273 92/2015/QH13:34,
case_5658,15,15,0,30,7,11,74,7,23,True,end_to_end,25,0.0,0.0,0.0,0.0,0.0,0.0,0.0,0.0,0.0,0.0,0.0,0.0,1.0,0.0,0.2,0.06666666666666667,0.1,0.25,1.0,0.0,0.125,0.06666666666666667,0.08695652173913045,0.25,1.0,0.0,0.08,0.13333333333333333,0.1,0.25,47/2010/QH12:91 47/2010/QH12:95 91/2015/QH13:292 91/2015/QH13:342 91/2015/QH13:463 91/2015/QH13:466 91/2015/QH13:468 92/2015/QH13:144 92/2015/QH13:147 92/2015/QH13:227 92/2015/QH13:228 92/2015/QH13:271 92/2015/QH13:273 92/2015/QH13:30 92/2015/QH13:35,91/2015/QH13:444 92/2015/QH13:40 91/2015/QH13:478 47/2010/QH12:95 91/2015/QH13:184 91/2015/QH13:182 92/2015/QH13:245 91/2015/QH13:183 91/2015/QH13:336 91/2015/QH13:324 92/2015/QH13:68 91/2015/QH13:466 326/2016/UBTVQH14:25 91/2015/QH13:469 45/2013/QH13:179 92/2015/QH13:217 91/2015/QH13:429 45/2013/QH13:183 91/2015/QH13:345 91/2015/QH13:321 92/2015/QH13:32 92/2015/QH13:26 26/2008/QH12:139 92/2015/QH13:114 47/2010/QH12:120,"['91/2015/QH13:444', '92/2015/QH13:40', '91/2015/QH13:478', '47/2010/QH12:95', '91/2015/QH13:184', '91/2015/QH13:182', '92/2015/QH13:245', '91/2015/QH13:183', '91/2015/QH13:336', '91/2015/QH13:324', '92/2015/QH13:68', '91/2015/QH13:466', '326/2016/UBTVQH14:25', '91/2015/QH13:469', '45/2013/QH13:179', '92/2015/QH13:217', '91/2015/QH13:429', '45/2013/QH13:183', '91/2015/QH13:345', '91/2015/QH13:321', '92/2015/QH13:32', '92/2015/QH13:26', '26/2008/QH12:139', '92/2015/QH13:114', '47/2010/QH12:120']","['91/2015/QH13:444', '91/2015/QH13:478', '47/2010/QH12:95', '91/2015/QH13:184', '92/2015/QH13:40', '91/2015/QH13:182', '91/2015/QH13:183']",47/2010/QH12:95 91/2015/QH13:466,47/2010/QH12:91 91/2015/QH13:292 91/2015/QH13:342 91/2015/QH13:463 91/2015/QH13:468 92/2015/QH13:144 92/2015/QH13:147 92/2015/QH13:227 92/2015/QH13:228 92/2015/QH13:271 92/2015/QH13:273 92/2015/QH13:30 92/2015/QH13:35,
case_5045,13,13,0,30,8,28,70,8,22,True,end_to_end,22,0.0,0.0,0.0,0.0,0.0,0.0,0.0,0.0,0.0,0.0,0.0,0.0,0.0,0.0,0.0,0.0,0.0,0.0,1.0,0.0,0.125,0.07692307692307693,0.09523809523809525,0.16666666666666666,1.0,0.0,0.045454545454545456,0.07692307692307693,0.05714285714285715,0.16666666666666666,91/2015/QH13:245 91/2015/QH13:254 92/2015/QH13:147 92/2015/QH13:157 92/2015/QH13:158 92/2015/QH13:164 92/2015/QH13:165 92/2015/QH13:166 92/2015/QH13:227 92/2015/QH13:228 92/2015/QH13:26 92/2015/QH13:273 92/2015/QH13:34,45/2013/QH13:203 92/2015/QH13:40 92/2015/QH13:192 45/2013/QH13:99 45/2013/QH13:100 91/2015/QH13:254 45/2013/QH13:98 45/2013/QH13:101 45/2013/QH13:188 45/2013/QH13:75 92/2015/QH13:472 45/2013/QH13:167 92/2015/QH13:194 45/2013/QH13:169 91/2015/QH13:429 52/2014/QH13:34 92/2015/QH13:465 45/2013/QH13:3 92/2015/QH13:68 45/2013/QH13:95 66/2014/QH13:9 45/2013/QH13:179,"['45/2013/QH13:203', '92/2015/QH13:40', '92/2015/QH13:192', '45/2013/QH13:99', '45/2013/QH13:100', '91/2015/QH13:254', '45/2013/QH13:98', '45/2013/QH13:101', '45/2013/QH13:188', '45/2013/QH13:75', '92/2015/QH13:472', '45/2013/QH13:167', '92/2015/QH13:194', '45/2013/QH13:169', '91/2015/QH13:429', '52/2014/QH13:34', '92/2015/QH13:465', '45/2013/QH13:3', '92/2015/QH13:68', '45/2013/QH13:95', '66/2014/QH13:9', '45/2013/QH13:179']","['45/2013/QH13:203', '45/2013/QH13:99', '91/2015/QH13:254', '45/2013/QH13:101', '45/2013/QH13:188']",91/2015/QH13:254,91/2015/QH13:245 92/2015/QH13:147 92/2015/QH13:157 92/2015/QH13:158 92/2015/QH13:164 92/2015/QH13:165 92/2015/QH13:166 92/2015/QH13:227 92/2015/QH13:228 92/2015/QH13:26 92/2015/QH13:273 92/2015/QH13:34,
case_4920,17,8,9,30,8,26,70,8,22,True,end_to_end,22,0.0,0.0,0.0,0.0,0.0,0.0,0.0,0.0,0.0,0.0,0.0,0.0,0.0,0.0,0.0,0.0,0.0,0.0,0.0,0.0,0.0,0.0,0.0,0.0,0.0,0.0,0.0,0.0,0.0,0.0,66/2014/QH13:39 92/2015/QH13:147 92/2015/QH13:229 92/2015/QH13:244 92/2015/QH13:26 92/2015/QH13:266 92/2015/QH13:35 92/2015/QH13:39,92/2015/QH13:68 100/2015/QH13:232 91/2015/QH13:429 92/2015/QH13:40 66/2014/QH13:53 66/2014/QH13:57 100/2015/QH13:234 66/2014/QH13:41 92/2015/QH13:245 92/2015/QH13:192 91/2015/QH13:440 326/2016/UBTVQH14:27 93/2015/QH13:118 100/2015/QH13:196 92/2015/QH13:189 92/2015/QH13:217 91/2015/QH13:438 66/2014/QH13:80 66/2014/QH13:49 100/2015/QH13:326 92/2015/QH13:210 100/2015/QH13:208,"['92/2015/QH13:68', '100/2015/QH13:232', '91/2015/QH13:429', '92/2015/QH13:40', '66/2014/QH13:53', '66/2014/QH13:57', '100/2015/QH13:234', '66/2014/QH13:41', '92/2015/QH13:245', '92/2015/QH13:192', '91/2015/QH13:440', '326/2016/UBTVQH14:27', '93/2015/QH13:118', '100/2015/QH13:196', '92/2015/QH13:189', '92/2015/QH13:217', '91/2015/QH13:438', '66/2014/QH13:80', '66/2014/QH13:49', '100/2015/QH13:326', '92/2015/QH13:210', '100/2015/QH13:208']","['92/2015/QH13:68', '91/2015/QH13:429', '66/2014/QH13:53', '66/2014/QH13:57', '66/2014/QH13:41', '92/2015/QH13:245', '91/2015/QH13:440', '93/2015/QH13:118']",,66/2014/QH13:39 92/2015/QH13:147 92/2015/QH13:229 92/2015/QH13:244 92/2015/QH13:26 92/2015/QH13:266 92/2015/QH13:35 92/2015/QH13:39,Bộ luật Dân sự năm 2005 | Article 122 | legacy_law_not_in_index Bộ luật Dân sự năm 2005 | Article 124 | legacy_law_not_in_index Bộ luật Dân sự năm 2005 | Article 134 | legacy_law_not_in_index Bộ luật Dân sự năm 2005 | Article 137 | legacy_law_not_in_index Bộ luật Dân sự năm 2005 | Article 401 | legacy_law_not_in_index Bộ luật Dân sự năm 2005 | Article 422 | legacy_law_not_in_index Bộ luật Dân sự năm 2005 | Article 689 | legacy_law_not_in_index Luật Đất đai năm 2003 | Article 106 | legacy_law_not_in_index Luật Đất đai năm 2003 | Article 127 | legacy_law_not_in_index
case_8758,22,22,0,30,8,30,77,8,22,True,end_to_end,24,1.0,0.0,1.0,0.045454545454545456,0.08695652173913045,1.0,1.0,0.0,0.3333333333333333,0.045454545454545456,0.08,1.0,1.0,0.0,0.2,0.045454545454545456,0.07407407407407407,1.0,1.0,0.0,0.25,0.09090909090909091,0.13333333333333333,1.0,1.0,0.0,0.16666666666666666,0.18181818181818182,0.17391304347826086,1.0,45/2013/QH13:166 45/2013/QH13:170 45/2013/QH13:171 45/2013/QH13:202 45/2013/QH13:203 45/2013/QH13:95 91/2015/QH13:254 91/2015/QH13:257 91/2015/QH13:265 91/2015/QH13:266 92/2015/QH13:144 92/2015/QH13:147 92/2015/QH13:155 92/2015/QH13:157 92/2015/QH13:158 92/2015/QH13:163 92/2015/QH13:165 92/2015/QH13:166 92/2015/QH13:217 92/2015/QH13:26 92/2015/QH13:273 92/2015/QH13:35,91/2015/QH13:254 92/2015/QH13:40 45/2013/QH13:3 326/2016/UBTVQH14:27 92/2015/QH13:465 45/2013/QH13:202 45/2013/QH13:103 92/2015/QH13:192 45/2013/QH13:169 93/2015/QH13:193 93/2015/QH13:252 92/2015/QH13:472 45/2013/QH13:98 92/2015/QH13:26 91/2015/QH13:444 45/2013/QH13:203 91/2015/QH13:184 326/2016/UBTVQH14:25 100/2015/QH13:333 92/2015/QH13:378 92/2015/QH13:272 92/2015/QH13:68 93/2015/QH13:205 92/2015/QH13:30,"['91/2015/QH13:254', '92/2015/QH13:40', '45/2013/QH13:3', '326/2016/UBTVQH14:27', '92/2015/QH13:465', '45/2013/QH13:202', '45/2013/QH13:103', '92/2015/QH13:192', '45/2013/QH13:169', '93/2015/QH13:193', '93/2015/QH13:252', '92/2015/QH13:472', '45/2013/QH13:98', '92/2015/QH13:26', '91/2015/QH13:444', '45/2013/QH13:203', '91/2015/QH13:184', '326/2016/UBTVQH14:25', '100/2015/QH13:333', '92/2015/QH13:378', '92/2015/QH13:272', '92/2015/QH13:68', '93/2015/QH13:205', '92/2015/QH13:30']","['91/2015/QH13:254', '45/2013/QH13:3', '92/2015/QH13:465', '45/2013/QH13:202', '92/2015/QH13:192', '45/2013/QH13:169', '93/2015/QH13:193', '93/2015/QH13:252']",45/2013/QH13:202 45/2013/QH13:203 91/2015/QH13:254 92/2015/QH13:26,45/2013/QH13:166 45/2013/QH13:170 45/2013/QH13:171 45/2013/QH13:95 91/2015/QH13:257 91/2015/QH13:265 91/2015/QH13:266 92/2015/QH13:144 92/2015/QH13:147 92/2015/QH13:155 92/2015/QH13:157 92/2015/QH13:158 92/2015/QH13:163 92/2015/QH13:165 92/2015/QH13:166 92/2015/QH13:217 92/2015/QH13:273 92/2015/QH13:35,
case_9089,13,13,0,30,8,17,68,8,22,True,end_to_end,24,0.0,0.0,0.0,0.0,0.0,0.0,0.0,0.0,0.0,0.0,0.0,0.0,0.0,0.0,0.0,0.0,0.0,0.0,0.0,0.0,0.0,0.0,0.0,0.0,1.0,0.0,0.08333333333333333,0.15384615384615385,0.10810810810810811,0.1,45/2013/QH13:166 45/2013/QH13:170 45/2013/QH13:203 92/2015/QH13:147 92/2015/QH13:157 92/2015/QH13:165 92/2015/QH13:228 92/2015/QH13:26 92/2015/QH13:273 92/2015/QH13:35 92/2015/QH13:39 92/2015/QH13:4 92/2015/QH13:91,92/2015/QH13:68 92/2015/QH13:40 45/2013/QH13:98 92/2015/QH13:192 45/2013/QH13:188 45/2013/QH13:179 92/2015/QH13:217 45/2013/QH13:168 45/2013/QH13:189 45/2013/QH13:203 92/2015/QH13:472 45/2013/QH13:99 92/2015/QH13:245 92/2015/QH13:210 45/2013/QH13:202 45/2013/QH13:3 45/2013/QH13:169 93/2015/QH13:235 45/2013/QH13:167 91/2015/QH13:429 326/2016/UBTVQH14:27 45/2013/QH13:95 45/2013/QH13:75 92/2015/QH13:26,"['92/2015/QH13:68', '92/2015/QH13:40', '45/2013/QH13:98', '92/2015/QH13:192', '45/2013/QH13:188', '45/2013/QH13:179', '92/2015/QH13:217', '45/2013/QH13:168', '45/2013/QH13:189', '45/2013/QH13:203', '92/2015/QH13:472', '45/2013/QH13:99', '92/2015/QH13:245', '92/2015/QH13:210', '45/2013/QH13:202', '45/2013/QH13:3', '45/2013/QH13:169', '93/2015/QH13:235', '45/2013/QH13:167', '91/2015/QH13:429', '326/2016/UBTVQH14:27', '45/2013/QH13:95', '45/2013/QH13:75', '92/2015/QH13:26']","['92/2015/QH13:68', '45/2013/QH13:98', '45/2013/QH13:188', '92/2015/QH13:40', '92/2015/QH13:192', '45/2013/QH13:168', '45/2013/QH13:189']",45/2013/QH13:203 92/2015/QH13:26,45/2013/QH13:166 45/2013/QH13:170 92/2015/QH13:147 92/2015/QH13:157 92/2015/QH13:165 92/2015/QH13:228 92/2015/QH13:273 92/2015/QH13:35 92/2015/QH13:39 92/2015/QH13:4 92/2015/QH13:91,
case_127,33,10,23,30,8,36,92,8,22,True,end_to_end,22,0.0,0.0,0.0,0.0,0.0,0.0,1.0,0.0,0.3333333333333333,0.1,0.15384615384615383,0.3333333333333333,1.0,0.0,0.2,0.1,0.13333333333333333,0.3333333333333333,1.0,0.0,0.125,0.1,0.11111111111111112,0.3333333333333333,1.0,0.0,0.045454545454545456,0.1,0.06250000000000001,0.3333333333333333,91/2015/QH13:155 91/2015/QH13:688 92/2015/QH13:144 92/2015/QH13:147 92/2015/QH13:26 92/2015/QH13:266 92/2015/QH13:273 92/2015/QH13:280 92/2015/QH13:35 92/2015/QH13:39,326/2016/UBTVQH14:27 92/2015/QH13:40 92/2015/QH13:26 91/2015/QH13:73 52/2014/QH13:50 66/2014/QH13:47 45/2013/QH13:188 92/2015/QH13:192 66/2014/QH13:53 45/2013/QH13:179 91/2015/QH13:133 100/2015/QH13:208 91/2015/QH13:184 91/2015/QH13:427 45/2013/QH13:168 45/2013/QH13:167 92/2015/QH13:402 91/2015/QH13:70 26/2008/QH12:116 91/2015/QH13:127 93/2015/QH13:274 93/2015/QH13:234,"['326/2016/UBTVQH14:27', '92/2015/QH13:40', '92/2015/QH13:26', '91/2015/QH13:73', '52/2014/QH13:50', '66/2014/QH13:47', '45/2013/QH13:188', '92/2015/QH13:192', '66/2014/QH13:53', '45/2013/QH13:179', '91/2015/QH13:133', '100/2015/QH13:208', '91/2015/QH13:184', '91/2015/QH13:427', '45/2013/QH13:168', '45/2013/QH13:167', '92/2015/QH13:402', '91/2015/QH13:70', '26/2008/QH12:116', '91/2015/QH13:127', '93/2015/QH13:274', '93/2015/QH13:234']","['326/2016/UBTVQH14:27', '92/2015/QH13:26', '91/2015/QH13:73', '52/2014/QH13:50', '66/2014/QH13:47', '45/2013/QH13:188', '66/2014/QH13:53']",92/2015/QH13:26,91/2015/QH13:155 91/2015/QH13:688 92/2015/QH13:144 92/2015/QH13:147 92/2015/QH13:266 92/2015/QH13:273 92/2015/QH13:280 92/2015/QH13:35 92/2015/QH13:39,Bộ luật Dân sự năm 2005 | Article 121 | legacy_law_not_in_index Bộ luật Dân sự năm 2005 | Article 122 | legacy_law_not_in_index Bộ luật Dân sự năm 2005 | Article 123 | legacy_law_not_in_index Bộ luật Dân sự năm 2005 | Article 124 | legacy_law_not_in_index Bộ luật Dân sự năm 2005 | Article 255 | legacy_law_not_in_index Bộ luật Dân sự năm 2005 | Article 256 | legacy_law_not_in_index Bộ luật Dân sự năm 2005 | Article 280 | legacy_law_not_in_index Bộ luật Dân sự năm 2005 | Article 281 | legacy_law_not_in_index Bộ luật Dân sự năm 2005 | Article 290 | legacy_law_not_in_index Bộ luật Dân sự năm 2005 | Article 401 | legacy_law_not_in_index Bộ luật Dân sự năm 2005 | Article 439 | legacy_law_not_in_index Bộ luật Dân sự năm 2005 | Article 450 | legacy_law_not_in_index Bộ luật Dân sự năm 2005 | Article 451 | legacy_law_not_in_index Bộ luật Dân sự năm 2005 | Article 452 | legacy_law_not_in_index Bộ luật Dân sự năm 2005 | Article 454 | legacy_law_not_in_index Bộ luật Dân sự năm 2005 | Article 471 | legacy_law_not_in_index Bộ luật Dân sự năm 2005 | Article 474 | legacy_law_not_in_index Bộ luật Dân sự năm 2005 | Article 697 | legacy_law_not_in_index Bộ luật Dân sự năm 2005 | Article 698 | legacy_law_not_in_index Bộ luật Dân sự năm 2005 | Article 699 | legacy_law_not_in_index Bộ luật Dân sự năm 2005 | Article 700 | legacy_law_not_in_index Bộ luật Dân sự năm 2005 | Article 701 | legacy_law_not_in_index Bộ luật Dân sự năm 2005 | Article 702 | legacy_law_not_in_index
case_2978,6,6,0,30,8,21,69,8,22,True,end_to_end,22,0.0,0.0,0.0,0.0,0.0,0.0,0.0,0.0,0.0,0.0,0.0,0.0,0.0,0.0,0.0,0.0,0.0,0.0,0.0,0.0,0.0,0.0,0.0,0.0,0.0,0.0,0.0,0.0,0.0,0.0,92/2015/QH13:203 92/2015/QH13:227 92/2015/QH13:228 92/2015/QH13:26 92/2015/QH13:35 92/2015/QH13:39,91/2015/QH13:444 92/2015/QH13:40 26/2008/QH12:75 92/2015/QH13:192 92/2015/QH13:472 92/2015/QH13:194 91/2015/QH13:184 91/2015/QH13:332 91/2015/QH13:429 92/2015/QH13:120 92/2015/QH13:68 326/2016/UBTVQH14:27 100/2015/QH13:323 26/2008/QH12:51 92/2015/QH13:245 100/2015/QH13:380 93/2015/QH13:33 93/2015/QH13:118 91/2015/QH13:318 45/2013/QH13:203 91/2015/QH13:478 92/2015/QH13:465,"['91/2015/QH13:444', '92/2015/QH13:40', '26/2008/QH12:75', '92/2015/QH13:192', '92/2015/QH13:472', '92/2015/QH13:194', '91/2015/QH13:184', '91/2015/QH13:332', '91/2015/QH13:429', '92/2015/QH13:120', '92/2015/QH13:68', '326/2016/UBTVQH14:27', '100/2015/QH13:323', '26/2008/QH12:51', '92/2015/QH13:245', '100/2015/QH13:380', '93/2015/QH13:33', '93/2015/QH13:118', '91/2015/QH13:318', '45/2013/QH13:203', '91/2015/QH13:478', '92/2015/QH13:465']","['91/2015/QH13:444', '26/2008/QH12:75', '92/2015/QH13:472', '91/2015/QH13:184', '91/2015/QH13:332', '91/2015/QH13:429', '92/2015/QH13:192', '92/2015/QH13:120']",,92/2015/QH13:203 92/2015/QH13:227 92/2015/QH13:228 92/2015/QH13:26 92/2015/QH13:35 92/2015/QH13:39,
case_4579,7,3,4,30,8,23,65,8,22,True,end_to_end,22,0.0,0.0,0.0,0.0,0.0,0.0,0.0,0.0,0.0,0.0,0.0,0.0,0.0,0.0,0.0,0.0,0.0,0.0,0.0,0.0,0.0,0.0,0.0,0.0,0.0,0.0,0.0,0.0,0.0,0.0,92/2015/QH13:147 92/2015/QH13:163 92/2015/QH13:169,92/2015/QH13:194 92/2015/QH13:192 92/2015/QH13:465 91/2015/QH13:254 92/2015/QH13:40 91/2015/QH13:429 92/2015/QH13:472 92/2015/QH13:189 93/2015/QH13:118 45/2013/QH13:99 92/2015/QH13:68 93/2015/QH13:33 93/2015/QH13:123 92/2015/QH13:217 45/2013/QH13:98 45/2013/QH13:188 45/2013/QH13:203 93/2015/QH13:119 93/2015/QH13:124 92/2015/QH13:245 93/2015/QH13:78 92/2015/QH13:186,"['92/2015/QH13:194', '92/2015/QH13:192', '92/2015/QH13:465', '91/2015/QH13:254', '92/2015/QH13:40', '91/2015/QH13:429', '92/2015/QH13:472', '92/2015/QH13:189', '93/2015/QH13:118', '45/2013/QH13:99', '92/2015/QH13:68', '93/2015/QH13:33', '93/2015/QH13:123', '92/2015/QH13:217', '45/2013/QH13:98', '45/2013/QH13:188', '45/2013/QH13:203', '93/2015/QH13:119', '93/2015/QH13:124', '92/2015/QH13:245', '93/2015/QH13:78', '92/2015/QH13:186']","['92/2015/QH13:194', '92/2015/QH13:465', '91/2015/QH13:254', '91/2015/QH13:429', '92/2015/QH13:472', '93/2015/QH13:118', '45/2013/QH13:99']",,92/2015/QH13:147 92/2015/QH13:163 92/2015/QH13:169,Bộ Luật Dân sự năm 2005 | Article 688 | legacy_law_not_in_index Luật đất đai 2003 | Article 4 | legacy_law_not_in_index Luật đất đai 2003 | Article 5 | legacy_law_not_in_index Luật đất đai 2003 | Article 105 | legacy_law_not_in_index
case_5236,17,11,6,30,8,30,61,8,22,True,end_to_end,22,0.0,0.0,0.0,0.0,0.0,0.0,0.0,0.0,0.0,0.0,0.0,0.0,0.0,0.0,0.0,0.0,0.0,0.0,0.0,0.0,0.0,0.0,0.0,0.0,0.0,0.0,0.0,0.0,0.0,0.0,52/2014/QH13:27 52/2014/QH13:37 91/2015/QH13:288 91/2015/QH13:357 92/2015/QH13:147 92/2015/QH13:228 92/2015/QH13:26 92/2015/QH13:271 92/2015/QH13:273 92/2015/QH13:35 92/2015/QH13:39,92/2015/QH13:68 92/2015/QH13:40 91/2015/QH13:429 92/2015/QH13:189 92/2015/QH13:192 93/2015/QH13:3 91/2015/QH13:471 93/2015/QH13:118 92/2015/QH13:217 92/2015/QH13:73 93/2015/QH13:33 92/2015/QH13:210 92/2015/QH13:472 92/2015/QH13:245 92/2015/QH13:218 92/2015/QH13:465 93/2015/QH13:121 93/2015/QH13:119 92/2015/QH13:473 92/2015/QH13:248 92/2015/QH13:186 91/2015/QH13:280,"['92/2015/QH13:68', '92/2015/QH13:40', '91/2015/QH13:429', '92/2015/QH13:189', '92/2015/QH13:192', '93/2015/QH13:3', '91/2015/QH13:471', '93/2015/QH13:118', '92/2015/QH13:217', '92/2015/QH13:73', '93/2015/QH13:33', '92/2015/QH13:210', '92/2015/QH13:472', '92/2015/QH13:245', '92/2015/QH13:218', '92/2015/QH13:465', '93/2015/QH13:121', '93/2015/QH13:119', '92/2015/QH13:473', '92/2015/QH13:248', '92/2015/QH13:186', '91/2015/QH13:280']","['92/2015/QH13:68', '91/2015/QH13:429', '92/2015/QH13:189', '93/2015/QH13:3', '91/2015/QH13:471', '93/2015/QH13:118', '92/2015/QH13:73']",,52/2014/QH13:27 52/2014/QH13:37 91/2015/QH13:288 91/2015/QH13:357 92/2015/QH13:147 92/2015/QH13:228 92/2015/QH13:26 92/2015/QH13:271 92/2015/QH13:273 92/2015/QH13:35 92/2015/QH13:39,Bộ luật dân sự năm 2005 | Article 389 | legacy_law_not_in_index Bộ luật dân sự năm 2005 | Article 401 | legacy_law_not_in_index Bộ luật dân sự năm 2005 | Article 402 | legacy_law_not_in_index Bộ luật dân sự năm 2005 | Article 403 | legacy_law_not_in_index Bộ luật dân sự năm 2005 | Article 404 | legacy_law_not_in_index Bộ luật dân sự năm 2005 | Article 479 | legacy_law_not_in_index
case_6663,23,19,4,30,8,48,104,8,22,True,end_to_end,22,1.0,0.0,1.0,0.05263157894736842,0.1,1.0,1.0,0.0,0.3333333333333333,0.05263157894736842,0.09090909090909091,1.0,1.0,0.0,0.2,0.05263157894736842,0.08333333333333333,1.0,1.0,0.0,0.25,0.10526315789473684,0.14814814814814814,1.0,1.0,0.0,0.13636363636363635,0.15789473684210525,0.14634146341463414,1.0,326/2016/UBTVQH14:26 47/2010/QH12:91 47/2010/QH12:95 91/2015/QH13:292 91/2015/QH13:299 91/2015/QH13:317 91/2015/QH13:320 91/2015/QH13:323 91/2015/QH13:463 91/2015/QH13:466 91/2015/QH13:468 91/2015/QH13:688 92/2015/QH13:147 92/2015/QH13:19 92/2015/QH13:227 92/2015/QH13:228 92/2015/QH13:30 92/2015/QH13:35 92/2015/QH13:39,47/2010/QH12:95 92/2015/QH13:40 66/2014/QH13:77 92/2015/QH13:68 91/2015/QH13:429 91/2015/QH13:466 47/2010/QH12:120 26/2008/QH12:75 92/2015/QH13:192 91/2015/QH13:463 92/2015/QH13:189 91/2015/QH13:469 47/2010/QH12:132 91/2015/QH13:345 93/2015/QH13:118 91/2015/QH13:470 91/2015/QH13:478 92/2015/QH13:199 93/2015/QH13:3 92/2015/QH13:245 91/2015/QH13:444 91/2015/QH13:155,"['47/2010/QH12:95', '92/2015/QH13:40', '66/2014/QH13:77', '92/2015/QH13:68', '91/2015/QH13:429', '91/2015/QH13:466', '47/2010/QH12:120', '26/2008/QH12:75', '92/2015/QH13:192', '91/2015/QH13:463', '92/2015/QH13:189', '91/2015/QH13:469', '47/2010/QH12:132', '91/2015/QH13:345', '93/2015/QH13:118', '91/2015/QH13:470', '91/2015/QH13:478', '92/2015/QH13:199', '93/2015/QH13:3', '92/2015/QH13:245', '91/2015/QH13:444', '91/2015/QH13:155']","['47/2010/QH12:95', '66/2014/QH13:77', '92/2015/QH13:68', '91/2015/QH13:429', '91/2015/QH13:466', '47/2010/QH12:120', '26/2008/QH12:75', '91/2015/QH13:463']",47/2010/QH12:95 91/2015/QH13:463 91/2015/QH13:466,326/2016/UBTVQH14:26 47/2010/QH12:91 91/2015/QH13:292 91/2015/QH13:299 91/2015/QH13:317 91/2015/QH13:320 91/2015/QH13:323 91/2015/QH13:468 91/2015/QH13:688 92/2015/QH13:147 92/2015/QH13:19 92/2015/QH13:227 92/2015/QH13:228 92/2015/QH13:30 92/2015/QH13:35 92/2015/QH13:39,Bộ luật Dân sự năm 2005 | Article 471 | legacy_law_not_in_index Bộ luật Dân sự năm 2005 | Article 473 | legacy_law_not_in_index Bộ luật Dân sự năm 2005 | Article 474 | legacy_law_not_in_index Bộ luật Dân sự năm 2005 | Article 476 | legacy_law_not_in_index
case_8732,8,2,6,30,8,26,75,8,22,True,end_to_end,22,0.0,0.0,0.0,0.0,0.0,0.0,0.0,0.0,0.0,0.0,0.0,0.0,0.0,0.0,0.0,0.0,0.0,0.0,0.0,0.0,0.0,0.0,0.0,0.0,1.0,0.0,0.045454545454545456,0.5,0.08333333333333334,0.05555555555555555,91/2015/QH13:357 91/2015/QH13:468,92/2015/QH13:68 92/2015/QH13:40 91/2015/QH13:466 91/2015/QH13:463 92/2015/QH13:192 100/2015/QH13:201 91/2015/QH13:470 100/2015/QH13:380 100/2015/QH13:188 26/2008/QH12:75 91/2015/QH13:318 100/2015/QH13:234 100/2015/QH13:191 326/2016/UBTVQH14:27 100/2015/QH13:323 91/2015/QH13:429 92/2015/QH13:245 91/2015/QH13:468 93/2015/QH13:118 91/2015/QH13:469 92/2015/QH13:120 47/2010/QH12:4,"['92/2015/QH13:68', '92/2015/QH13:40', '91/2015/QH13:466', '91/2015/QH13:463', '92/2015/QH13:192', '100/2015/QH13:201', '91/2015/QH13:470', '100/2015/QH13:380', '100/2015/QH13:188', '26/2008/QH12:75', '91/2015/QH13:318', '100/2015/QH13:234', '100/2015/QH13:191', '326/2016/UBTVQH14:27', '100/2015/QH13:323', '91/2015/QH13:429', '92/2015/QH13:245', '91/2015/QH13:468', '93/2015/QH13:118', '91/2015/QH13:469', '92/2015/QH13:120', '47/2010/QH12:4']","['92/2015/QH13:68', '91/2015/QH13:466', '91/2015/QH13:463', '100/2015/QH13:201', '91/2015/QH13:470', '100/2015/QH13:380', '26/2008/QH12:75', '91/2015/QH13:318']",91/2015/QH13:468,91/2015/QH13:357,Bộ luật dân sự năm 2005 | Article 471 | legacy_law_not_in_index Bộ luật dân sự năm 2005 | Article 473 | legacy_law_not_in_index Bộ luật dân sự năm 2005 | Article 474 | legacy_law_not_in_index Bộ luật dân sự năm 2005 | Article 476 | legacy_law_not_in_index Bộ luật dân sự năm 2005 | Article 477 | legacy_law_not_in_index Bộ luật dân sự năm 2005 | Article 478 | legacy_law_not_in_index
case_4861,14,14,0,30,8,56,91,8,22,True,end_to_end,22,0.0,0.0,0.0,0.0,0.0,0.0,0.0,0.0,0.0,0.0,0.0,0.0,1.0,0.0,0.2,0.07142857142857142,0.10526315789473682,0.2,1.0,0.0,0.125,0.07142857142857142,0.09090909090909091,0.2,1.0,0.0,0.09090909090909091,0.14285714285714285,0.1111111111111111,0.2,326/2016/UBTVQH14:12 326/2016/UBTVQH14:27 45/2013/QH13:100 45/2013/QH13:5 52/2014/QH13:33 52/2014/QH13:59 91/2015/QH13:649 91/2015/QH13:650 91/2015/QH13:651 91/2015/QH13:658 91/2015/QH13:660 92/2015/QH13:147 92/2015/QH13:35 92/2015/QH13:37,45/2013/QH13:95 92/2015/QH13:40 45/2013/QH13:99 45/2013/QH13:186 45/2013/QH13:100 45/2013/QH13:169 45/2013/QH13:188 45/2013/QH13:167 92/2015/QH13:68 45/2013/QH13:101 45/2013/QH13:203 92/2015/QH13:192 92/2015/QH13:26 45/2013/QH13:179 91/2015/QH13:623 45/2013/QH13:3 91/2015/QH13:659 45/2013/QH13:98 92/2015/QH13:245 93/2015/QH13:59 52/2014/QH13:33 45/2013/QH13:168,"['45/2013/QH13:95', '92/2015/QH13:40', '45/2013/QH13:99', '45/2013/QH13:186', '45/2013/QH13:100', '45/2013/QH13:169', '45/2013/QH13:188', '45/2013/QH13:167', '92/2015/QH13:68', '45/2013/QH13:101', '45/2013/QH13:203', '92/2015/QH13:192', '92/2015/QH13:26', '45/2013/QH13:179', '91/2015/QH13:623', '45/2013/QH13:3', '91/2015/QH13:659', '45/2013/QH13:98', '92/2015/QH13:245', '93/2015/QH13:59', '52/2014/QH13:33', '45/2013/QH13:168']","['45/2013/QH13:95', '45/2013/QH13:99', '45/2013/QH13:188', '92/2015/QH13:68', '45/2013/QH13:167']",45/2013/QH13:100 52/2014/QH13:33,326/2016/UBTVQH14:12 326/2016/UBTVQH14:27 45/2013/QH13:5 52/2014/QH13:59 91/2015/QH13:649 91/2015/QH13:650 91/2015/QH13:651 91/2015/QH13:658 91/2015/QH13:660 92/2015/QH13:147 92/2015/QH13:35 92/2015/QH13:37,
case_3241,18,18,0,30,8,27,76,8,22,True,end_to_end,22,0.0,0.0,0.0,0.0,0.0,0.0,0.0,0.0,0.0,0.0,0.0,0.0,0.0,0.0,0.0,0.0,0.0,0.0,1.0,0.0,0.125,0.05555555555555555,0.07692307692307691,0.125,1.0,0.0,0.045454545454545456,0.05555555555555555,0.049999999999999996,0.125,91/2015/QH13:295 91/2015/QH13:298 91/2015/QH13:299 91/2015/QH13:301 91/2015/QH13:302 91/2015/QH13:317 91/2015/QH13:319 91/2015/QH13:320 91/2015/QH13:40 91/2015/QH13:463 91/2015/QH13:466 91/2015/QH13:468 92/2015/QH13:147 92/2015/QH13:227 92/2015/QH13:266 92/2015/QH13:30 92/2015/QH13:35 92/2015/QH13:39,92/2015/QH13:68 92/2015/QH13:192 47/2010/QH12:95 92/2015/QH13:40 91/2015/QH13:429 91/2015/QH13:155 26/2008/QH12:75 91/2015/QH13:466 92/2015/QH13:189 93/2015/QH13:118 45/2013/QH13:179 91/2015/QH13:318 45/2013/QH13:183 92/2015/QH13:217 91/2015/QH13:478 93/2015/QH13:3 92/2015/QH13:245 91/2015/QH13:444 93/2015/QH13:235 93/2015/QH13:33 47/2010/QH12:28 45/2013/QH13:99,"['92/2015/QH13:68', '92/2015/QH13:192', '47/2010/QH12:95', '92/2015/QH13:40', '91/2015/QH13:429', '91/2015/QH13:155', '26/2008/QH12:75', '91/2015/QH13:466', '92/2015/QH13:189', '93/2015/QH13:118', '45/2013/QH13:179', '91/2015/QH13:318', '45/2013/QH13:183', '92/2015/QH13:217', '91/2015/QH13:478', '93/2015/QH13:3', '92/2015/QH13:245', '91/2015/QH13:444', '93/2015/QH13:235', '93/2015/QH13:33', '47/2010/QH12:28', '45/2013/QH13:99']","['92/2015/QH13:68', '47/2010/QH12:95', '91/2015/QH13:429', '91/2015/QH13:155', '26/2008/QH12:75', '91/2015/QH13:466', '93/2015/QH13:118', '91/2015/QH13:318']",91/2015/QH13:466,91/2015/QH13:295 91/2015/QH13:298 91/2015/QH13:299 91/2015/QH13:301 91/2015/QH13:302 91/2015/QH13:317 91/2015/QH13:319 91/2015/QH13:320 91/2015/QH13:40 91/2015/QH13:463 91/2015/QH13:468 92/2015/QH13:147 92/2015/QH13:227 92/2015/QH13:266 92/2015/QH13:30 92/2015/QH13:35 92/2015/QH13:39,
case_1087,10,4,6,30,8,28,84,8,22,True,end_to_end,22,0.0,0.0,0.0,0.0,0.0,0.0,0.0,0.0,0.0,0.0,0.0,0.0,0.0,0.0,0.0,0.0,0.0,0.0,0.0,0.0,0.0,0.0,0.0,0.0,0.0,0.0,0.0,0.0,0.0,0.0,91/2015/QH13:357 91/2015/QH13:468 92/2015/QH13:157 92/2015/QH13:164,92/2015/QH13:68 100/2015/QH13:227 91/2015/QH13:429 100/2015/QH13:273 91/2015/QH13:588 100/2015/QH13:208 92/2015/QH13:40 93/2015/QH13:118 92/2015/QH13:465 91/2015/QH13:584 100/2015/QH13:261 100/2015/QH13:284 100/2015/QH13:230 100/2015/QH13:283 100/2015/QH13:289 100/2015/QH13:178 100/2015/QH13:323 100/2015/QH13:264 100/2015/QH13:371 52/2014/QH13:29 100/2015/QH13:265 92/2015/QH13:189,"['92/2015/QH13:68', '100/2015/QH13:227', '91/2015/QH13:429', '100/2015/QH13:273', '91/2015/QH13:588', '100/2015/QH13:208', '92/2015/QH13:40', '93/2015/QH13:118', '92/2015/QH13:465', '91/2015/QH13:584', '100/2015/QH13:261', '100/2015/QH13:284', '100/2015/QH13:230', '100/2015/QH13:283', '100/2015/QH13:289', '100/2015/QH13:178', '100/2015/QH13:323', '100/2015/QH13:264', '100/2015/QH13:371', '52/2014/QH13:29', '100/2015/QH13:265', '92/2015/QH13:189']","['92/2015/QH13:68', '91/2015/QH13:429', '91/2015/QH13:588', '100/2015/QH13:208', '93/2015/QH13:118', '92/2015/QH13:465', '91/2015/QH13:584']",,91/2015/QH13:357 91/2015/QH13:468 92/2015/QH13:157 92/2015/QH13:164,"Bộ luật dân sự năm 2005 | Article 298 | legacy_law_not_in_index Bộ luật dân sự năm 2005 | Article 604 | legacy_law_not_in_index Bộ luật dân sự năm 2005 | Article 605 | legacy_law_not_in_index Bộ luật dân sự năm 2005 | Article 606 | legacy_law_not_in_index Bộ luật dân sự năm 2005 | Article 608 | legacy_law_not_in_index Pháp lệnh số 10/2009/UBTVQH12 ngày 27/02/2009 quy định về án phí, lệ phí Tòa án | Article 27 | legacy_law_not_in_index"
case_9052,6,4,2,30,8,58,84,8,22,True,end_to_end,23,0.0,0.0,0.0,0.0,0.0,0.0,0.0,0.0,0.0,0.0,0.0,0.0,0.0,0.0,0.0,0.0,0.0,0.0,0.0,0.0,0.0,0.0,0.0,0.0,1.0,0.0,0.08695652173913043,0.5,0.14814814814814817,0.07692307692307693,45/2013/QH13:166 45/2013/QH13:167 92/2015/QH13:147 92/2015/QH13:37,45/2013/QH13:98 92/2015/QH13:192 45/2013/QH13:100 45/2013/QH13:103 45/2013/QH13:75 92/2015/QH13:40 45/2013/QH13:95 45/2013/QH13:3 45/2013/QH13:101 45/2013/QH13:169 45/2013/QH13:99 45/2013/QH13:179 45/2013/QH13:167 45/2013/QH13:203 26/2008/QH12:116 45/2013/QH13:188 45/2013/QH13:166 45/2013/QH13:202 92/2015/QH13:266 45/2013/QH13:26 92/2015/QH13:472 92/2015/QH13:68 45/2013/QH13:106,"['45/2013/QH13:98', '92/2015/QH13:192', '45/2013/QH13:100', '45/2013/QH13:103', '45/2013/QH13:75', '92/2015/QH13:40', '45/2013/QH13:95', '45/2013/QH13:3', '45/2013/QH13:101', '45/2013/QH13:169', '45/2013/QH13:99', '45/2013/QH13:179', '45/2013/QH13:167', '45/2013/QH13:203', '26/2008/QH12:116', '45/2013/QH13:188', '45/2013/QH13:166', '45/2013/QH13:202', '92/2015/QH13:266', '45/2013/QH13:26', '92/2015/QH13:472', '92/2015/QH13:68', '45/2013/QH13:106']","['45/2013/QH13:98', '45/2013/QH13:100', '45/2013/QH13:103', '45/2013/QH13:75', '45/2013/QH13:95', '45/2013/QH13:3', '45/2013/QH13:169', '45/2013/QH13:179']",45/2013/QH13:166 45/2013/QH13:167,92/2015/QH13:147 92/2015/QH13:37,Luật đất đai năm 2003 | Article 50 | legacy_law_not_in_index Luật đất đai năm 2003 | Article 105 | legacy_law_not_in_index
case_5160,15,15,0,30,8,32,84,8,22,True,end_to_end,22,0.0,0.0,0.0,0.0,0.0,0.0,0.0,0.0,0.0,0.0,0.0,0.0,1.0,0.0,0.2,0.06666666666666667,0.1,0.25,1.0,0.0,0.125,0.06666666666666667,0.08695652173913045,0.25,1.0,0.0,0.22727272727272727,0.3333333333333333,0.27027027027027023,0.25,45/2013/QH13:95 91/2015/QH13:221 91/2015/QH13:223 91/2015/QH13:500 91/2015/QH13:503 91/2015/QH13:612 91/2015/QH13:615 91/2015/QH13:623 91/2015/QH13:649 91/2015/QH13:650 91/2015/QH13:651 91/2015/QH13:658 92/2015/QH13:26 92/2015/QH13:266 92/2015/QH13:35,91/2015/QH13:662 45/2013/QH13:179 91/2015/QH13:655 91/2015/QH13:623 91/2015/QH13:660 91/2015/QH13:644 45/2013/QH13:186 91/2015/QH13:659 45/2013/QH13:75 91/2015/QH13:651 92/2015/QH13:68 91/2015/QH13:680 92/2015/QH13:192 92/2015/QH13:40 45/2013/QH13:188 91/2015/QH13:661 91/2015/QH13:650 91/2015/QH13:615 326/2016/UBTVQH14:27 45/2013/QH13:169 91/2015/QH13:654 92/2015/QH13:26,"['91/2015/QH13:662', '45/2013/QH13:179', '91/2015/QH13:655', '91/2015/QH13:623', '91/2015/QH13:660', '91/2015/QH13:644', '45/2013/QH13:186', '91/2015/QH13:659', '45/2013/QH13:75', '91/2015/QH13:651', '92/2015/QH13:68', '91/2015/QH13:680', '92/2015/QH13:192', '92/2015/QH13:40', '45/2013/QH13:188', '91/2015/QH13:661', '91/2015/QH13:650', '91/2015/QH13:615', '326/2016/UBTVQH14:27', '45/2013/QH13:169', '91/2015/QH13:654', '92/2015/QH13:26']","['91/2015/QH13:662', '91/2015/QH13:655', '91/2015/QH13:623', '91/2015/QH13:660', '91/2015/QH13:644', '91/2015/QH13:659', '91/2015/QH13:651', '91/2015/QH13:680']",91/2015/QH13:615 91/2015/QH13:623 91/2015/QH13:650 91/2015/QH13:651 92/2015/QH13:26,45/2013/QH13:95 91/2015/QH13:221 91/2015/QH13:223 91/2015/QH13:500 91/2015/QH13:503 91/2015/QH13:612 91/2015/QH13:649 91/2015/QH13:658 92/2015/QH13:266 92/2015/QH13:35,
case_8147,17,17,0,30,8,48,102,8,22,True,end_to_end,25,0.0,0.0,0.0,0.0,0.0,0.0,0.0,0.0,0.0,0.0,0.0,0.0,1.0,0.0,0.2,0.058823529411764705,0.0909090909090909,0.25,1.0,0.0,0.125,0.058823529411764705,0.07999999999999999,0.25,1.0,0.0,0.16,0.23529411764705882,0.19047619047619052,0.25,45/2013/QH13:167 45/2013/QH13:179 91/2015/QH13:102 91/2015/QH13:212 91/2015/QH13:649 91/2015/QH13:650 91/2015/QH13:651 91/2015/QH13:660 92/2015/QH13:147 92/2015/QH13:157 92/2015/QH13:165 92/2015/QH13:228 92/2015/QH13:26 92/2015/QH13:273 92/2015/QH13:280 92/2015/QH13:35 92/2015/QH13:39,91/2015/QH13:644 91/2015/QH13:662 91/2015/QH13:645 91/2015/QH13:651 45/2013/QH13:186 91/2015/QH13:623 91/2015/QH13:653 91/2015/QH13:637 326/2016/UBTVQH14:27 91/2015/QH13:234 91/2015/QH13:659 91/2015/QH13:661 91/2015/QH13:650 91/2015/QH13:660 91/2015/QH13:642 92/2015/QH13:68 91/2015/QH13:615 91/2015/QH13:680 91/2015/QH13:613 45/2013/QH13:179 93/2015/QH13:59 92/2015/QH13:192 91/2015/QH13:655 52/2014/QH13:66 45/2013/QH13:95,"['91/2015/QH13:644', '91/2015/QH13:662', '91/2015/QH13:645', '91/2015/QH13:651', '45/2013/QH13:186', '91/2015/QH13:623', '91/2015/QH13:653', '91/2015/QH13:637', '326/2016/UBTVQH14:27', '91/2015/QH13:234', '91/2015/QH13:659', '91/2015/QH13:661', '91/2015/QH13:650', '91/2015/QH13:660', '91/2015/QH13:642', '92/2015/QH13:68', '91/2015/QH13:615', '91/2015/QH13:680', '91/2015/QH13:613', '45/2013/QH13:179', '93/2015/QH13:59', '92/2015/QH13:192', '91/2015/QH13:655', '52/2014/QH13:66', '45/2013/QH13:95']","['91/2015/QH13:644', '91/2015/QH13:662', '91/2015/QH13:645', '91/2015/QH13:651', '45/2013/QH13:186', '91/2015/QH13:653', '91/2015/QH13:637', '91/2015/QH13:234']",45/2013/QH13:179 91/2015/QH13:650 91/2015/QH13:651 91/2015/QH13:660,45/2013/QH13:167 91/2015/QH13:102 91/2015/QH13:212 91/2015/QH13:649 92/2015/QH13:147 92/2015/QH13:157 92/2015/QH13:165 92/2015/QH13:228 92/2015/QH13:26 92/2015/QH13:273 92/2015/QH13:280 92/2015/QH13:35 92/2015/QH13:39,
case_2238,17,9,8,30,8,40,78,8,22,True,end_to_end,22,0.0,0.0,0.0,0.0,0.0,0.0,0.0,0.0,0.0,0.0,0.0,0.0,0.0,0.0,0.0,0.0,0.0,0.0,0.0,0.0,0.0,0.0,0.0,0.0,0.0,0.0,0.0,0.0,0.0,0.0,52/2014/QH13:28 91/2015/QH13:468 92/2015/QH13:157 92/2015/QH13:165 92/2015/QH13:227 92/2015/QH13:26 92/2015/QH13:34 92/2015/QH13:35 92/2015/QH13:39,45/2013/QH13:75 92/2015/QH13:192 92/2015/QH13:68 92/2015/QH13:189 93/2015/QH13:33 92/2015/QH13:194 66/2014/QH13:39 45/2013/QH13:166 92/2015/QH13:217 93/2015/QH13:120 100/2015/QH13:276 66/2014/QH13:51 93/2015/QH13:123 92/2015/QH13:245 92/2015/QH13:190 93/2015/QH13:121 92/2015/QH13:193 100/2015/QH13:227 93/2015/QH13:118 66/2014/QH13:49 91/2015/QH13:155 66/2014/QH13:53,"['45/2013/QH13:75', '92/2015/QH13:192', '92/2015/QH13:68', '92/2015/QH13:189', '93/2015/QH13:33', '92/2015/QH13:194', '66/2014/QH13:39', '45/2013/QH13:166', '92/2015/QH13:217', '93/2015/QH13:120', '100/2015/QH13:276', '66/2014/QH13:51', '93/2015/QH13:123', '92/2015/QH13:245', '92/2015/QH13:190', '93/2015/QH13:121', '92/2015/QH13:193', '100/2015/QH13:227', '93/2015/QH13:118', '66/2014/QH13:49', '91/2015/QH13:155', '66/2014/QH13:53']","['45/2013/QH13:75', '92/2015/QH13:68', '93/2015/QH13:33', '66/2014/QH13:39', '45/2013/QH13:166']",,52/2014/QH13:28 91/2015/QH13:468 92/2015/QH13:157 92/2015/QH13:165 92/2015/QH13:227 92/2015/QH13:26 92/2015/QH13:34 92/2015/QH13:35 92/2015/QH13:39,"Bộ luật Dân sự 2005 | Article 122 | legacy_law_not_in_index Bộ luật Dân sự 2005 | Article 127 | legacy_law_not_in_index Bộ luật Dân sự 2005 | Article 128 | legacy_law_not_in_index Bộ luật Dân sự 2005 | Article 138 | legacy_law_not_in_index Bộ luật Dân sự 2005 | Article 219 | legacy_law_not_in_index Bộ luật Dân sự 2005 | Article 223 | legacy_law_not_in_index Luật Đất đai 2003 | Article 106 | legacy_law_not_in_index Pháp lệnh Án phí, lệ phí Tòa án 2009 | Article 27 | legacy_law_not_in_index"
case_614,20,13,7,30,8,52,103,8,22,True,end_to_end,22,0.0,0.0,0.0,0.0,0.0,0.0,0.0,0.0,0.0,0.0,0.0,0.0,0.0,0.0,0.0,0.0,0.0,0.0,1.0,0.0,0.25,0.15384615384615385,0.1904761904761905,0.14285714285714285,1.0,0.0,0.13636363636363635,0.23076923076923078,0.1714285714285714,0.14285714285714285,326/2016/UBTVQH14:27 91/2015/QH13:623 91/2015/QH13:688 92/2015/QH13:147 92/2015/QH13:157 92/2015/QH13:165 92/2015/QH13:184 92/2015/QH13:227 92/2015/QH13:228 92/2015/QH13:26 92/2015/QH13:273 92/2015/QH13:35 92/2015/QH13:39,91/2015/QH13:662 45/2013/QH13:186 91/2015/QH13:660 45/2013/QH13:167 92/2015/QH13:40 91/2015/QH13:659 91/2015/QH13:623 326/2016/UBTVQH14:27 45/2013/QH13:99 45/2013/QH13:95 45/2013/QH13:188 45/2013/QH13:203 92/2015/QH13:68 45/2013/QH13:179 91/2015/QH13:644 91/2015/QH13:318 91/2015/QH13:645 91/2015/QH13:615 91/2015/QH13:661 92/2015/QH13:26 45/2013/QH13:169 91/2015/QH13:655,"['91/2015/QH13:662', '45/2013/QH13:186', '91/2015/QH13:660', '45/2013/QH13:167', '92/2015/QH13:40', '91/2015/QH13:659', '91/2015/QH13:623', '326/2016/UBTVQH14:27', '45/2013/QH13:99', '45/2013/QH13:95', '45/2013/QH13:188', '45/2013/QH13:203', '92/2015/QH13:68', '45/2013/QH13:179', '91/2015/QH13:644', '91/2015/QH13:318', '91/2015/QH13:645', '91/2015/QH13:615', '91/2015/QH13:661', '92/2015/QH13:26', '45/2013/QH13:169', '91/2015/QH13:655']","['91/2015/QH13:662', '91/2015/QH13:660', '45/2013/QH13:186', '45/2013/QH13:167', '91/2015/QH13:659', '91/2015/QH13:623', '45/2013/QH13:99']",326/2016/UBTVQH14:27 91/2015/QH13:623 92/2015/QH13:26,91/2015/QH13:688 92/2015/QH13:147 92/2015/QH13:157 92/2015/QH13:165 92/2015/QH13:184 92/2015/QH13:227 92/2015/QH13:228 92/2015/QH13:273 92/2015/QH13:35 92/2015/QH13:39,Bộ luật Dân sự 2005 | Article 633 | legacy_law_not_in_index Bộ luật Dân sự 2005 | Article 635 | legacy_law_not_in_index Bộ luật Dân sự 2005 | Article 674 | legacy_law_not_in_index Bộ luật Dân sự 2005 | Article 675 | legacy_law_not_in_index Bộ luật Dân sự 2005 | Article 676 | legacy_law_not_in_index Bộ luật Dân sự 2005 | Article 681 | legacy_law_not_in_index Bộ luật Dân sự 2005 | Article 685 | legacy_law_not_in_index
case_1959,5,1,4,30,8,28,83,8,22,True,end_to_end,22,0.0,0.0,0.0,0.0,0.0,0.0,0.0,0.0,0.0,0.0,0.0,0.0,0.0,0.0,0.0,0.0,0.0,0.0,0.0,0.0,0.0,0.0,0.0,0.0,0.0,0.0,0.0,0.0,0.0,0.0,92/2015/QH13:228,92/2015/QH13:68 92/2015/QH13:40 91/2015/QH13:584 91/2015/QH13:606 92/2015/QH13:465 92/2015/QH13:192 91/2015/QH13:588 91/2015/QH13:592 92/2015/QH13:26 91/2015/QH13:177 91/2015/QH13:591 93/2015/QH13:118 91/2015/QH13:185 91/2015/QH13:170 92/2015/QH13:114 91/2015/QH13:429 92/2015/QH13:472 92/2015/QH13:245 92/2015/QH13:189 91/2015/QH13:607 100/2015/QH13:48 91/2015/QH13:589,"['92/2015/QH13:68', '92/2015/QH13:40', '91/2015/QH13:584', '91/2015/QH13:606', '92/2015/QH13:465', '92/2015/QH13:192', '91/2015/QH13:588', '91/2015/QH13:592', '92/2015/QH13:26', '91/2015/QH13:177', '91/2015/QH13:591', '93/2015/QH13:118', '91/2015/QH13:185', '91/2015/QH13:170', '92/2015/QH13:114', '91/2015/QH13:429', '92/2015/QH13:472', '92/2015/QH13:245', '92/2015/QH13:189', '91/2015/QH13:607', '100/2015/QH13:48', '91/2015/QH13:589']","['92/2015/QH13:68', '91/2015/QH13:584', '91/2015/QH13:606', '92/2015/QH13:465', '91/2015/QH13:588', '91/2015/QH13:592', '92/2015/QH13:26', '91/2015/QH13:177']",,92/2015/QH13:228,Bộ luật Dân sự 2005 | Article 268 | legacy_law_not_in_index Bộ luật Dân sự 2005 | Article 604 | legacy_law_not_in_index Bộ luật Dân sự 2005 | Article 608 | legacy_law_not_in_index Bộ luật Dân sự 2005 | Article 305 | legacy_law_not_in_index
case_6425,7,1,6,30,8,41,87,8,22,True,end_to_end,25,0.0,0.0,0.0,0.0,0.0,0.0,0.0,0.0,0.0,0.0,0.0,0.0,0.0,0.0,0.0,0.0,0.0,0.0,0.0,0.0,0.0,0.0,0.0,0.0,0.0,0.0,0.0,0.0,0.0,0.0,92/2015/QH13:228,92/2015/QH13:68 92/2015/QH13:40 100/2015/QH13:228 326/2016/UBTVQH14:27 45/2013/QH13:3 92/2015/QH13:192 45/2013/QH13:114 45/2013/QH13:169 45/2013/QH13:98 45/2013/QH13:174 92/2015/QH13:245 92/2015/QH13:217 45/2013/QH13:99 45/2013/QH13:203 91/2015/QH13:429 45/2013/QH13:158 45/2013/QH13:202 92/2015/QH13:472 91/2015/QH13:184 93/2015/QH13:118 45/2013/QH13:188 91/2015/QH13:579 45/2013/QH13:184 92/2015/QH13:73 45/2013/QH13:179,"['92/2015/QH13:68', '92/2015/QH13:40', '100/2015/QH13:228', '326/2016/UBTVQH14:27', '45/2013/QH13:3', '92/2015/QH13:192', '45/2013/QH13:114', '45/2013/QH13:169', '45/2013/QH13:98', '45/2013/QH13:174', '92/2015/QH13:245', '92/2015/QH13:217', '45/2013/QH13:99', '45/2013/QH13:203', '91/2015/QH13:429', '45/2013/QH13:158', '45/2013/QH13:202', '92/2015/QH13:472', '91/2015/QH13:184', '93/2015/QH13:118', '45/2013/QH13:188', '91/2015/QH13:579', '45/2013/QH13:184', '92/2015/QH13:73', '45/2013/QH13:179']","['92/2015/QH13:68', '100/2015/QH13:228', '45/2013/QH13:3', '92/2015/QH13:192', '45/2013/QH13:114', '326/2016/UBTVQH14:27', '45/2013/QH13:98', '45/2013/QH13:174']",,92/2015/QH13:228,"Bộ luật Dân sự 2005 | Article 608 | legacy_law_not_in_index Bộ luật Dân sự 2005 | Article 268 | legacy_law_not_in_index Bộ luật Dân sự 2005 | Article 604 | legacy_law_not_in_index Bộ luật Dân sự 2005 | Article 605 | legacy_law_not_in_index Bộ luật Dân sự 2005 | Article 305 | legacy_law_not_in_index Pháp lệnh án phí, lệ phí Tòa án | Article 27 | legacy_law_not_in_index"
case_3735,13,13,0,30,8,35,84,8,22,True,end_to_end,24,0.0,0.0,0.0,0.0,0.0,0.0,0.0,0.0,0.0,0.0,0.0,0.0,0.0,0.0,0.0,0.0,0.0,0.0,0.0,0.0,0.0,0.0,0.0,0.0,0.0,0.0,0.0,0.0,0.0,0.0,326/2016/UBTVQH14:26 91/2015/QH13:468 91/2015/QH13:504 91/2015/QH13:509 91/2015/QH13:510 92/2015/QH13:144 92/2015/QH13:147 92/2015/QH13:157 92/2015/QH13:229 92/2015/QH13:26 92/2015/QH13:35 92/2015/QH13:39 92/2015/QH13:91,92/2015/QH13:68 92/2015/QH13:40 92/2015/QH13:472 92/2015/QH13:192 91/2015/QH13:429 92/2015/QH13:465 100/2015/QH13:196 91/2015/QH13:478 92/2015/QH13:470 93/2015/QH13:122 100/2015/QH13:227 92/2015/QH13:217 91/2015/QH13:444 100/2015/QH13:256 45/2013/QH13:175 91/2015/QH13:332 100/2015/QH13:380 45/2013/QH13:149 92/2015/QH13:245 26/2008/QH12:51 91/2015/QH13:481 93/2015/QH13:33 93/2015/QH13:299 326/2016/UBTVQH14:25,"['92/2015/QH13:68', '92/2015/QH13:40', '92/2015/QH13:472', '92/2015/QH13:192', '91/2015/QH13:429', '92/2015/QH13:465', '100/2015/QH13:196', '91/2015/QH13:478', '92/2015/QH13:470', '93/2015/QH13:122', '100/2015/QH13:227', '92/2015/QH13:217', '91/2015/QH13:444', '100/2015/QH13:256', '45/2013/QH13:175', '91/2015/QH13:332', '100/2015/QH13:380', '45/2013/QH13:149', '92/2015/QH13:245', '26/2008/QH12:51', '91/2015/QH13:481', '93/2015/QH13:33', '93/2015/QH13:299', '326/2016/UBTVQH14:25']","['92/2015/QH13:68', '92/2015/QH13:472', '91/2015/QH13:429', '92/2015/QH13:465', '91/2015/QH13:478', '92/2015/QH13:192', '92/2015/QH13:470', '93/2015/QH13:122']",,326/2016/UBTVQH14:26 91/2015/QH13:468 91/2015/QH13:504 91/2015/QH13:509 91/2015/QH13:510 92/2015/QH13:144 92/2015/QH13:147 92/2015/QH13:157 92/2015/QH13:229 92/2015/QH13:26 92/2015/QH13:35 92/2015/QH13:39 92/2015/QH13:91,
case_5860,8,8,0,30,8,13,59,8,22,True,end_to_end,25,0.0,0.0,0.0,0.0,0.0,0.0,0.0,0.0,0.0,0.0,0.0,0.0,0.0,0.0,0.0,0.0,0.0,0.0,0.0,0.0,0.0,0.0,0.0,0.0,0.0,0.0,0.0,0.0,0.0,0.0,326/2016/UBTVQH14:26 91/2015/QH13:166 91/2015/QH13:357 91/2015/QH13:370 91/2015/QH13:468 92/2015/QH13:147 92/2015/QH13:227 92/2015/QH13:228,92/2015/QH13:68 92/2015/QH13:40 92/2015/QH13:30 92/2015/QH13:192 91/2015/QH13:429 92/2015/QH13:245 92/2015/QH13:203 92/2015/QH13:194 92/2015/QH13:26 100/2015/QH13:192 92/2015/QH13:35 91/2015/QH13:444 100/2015/QH13:203 92/2015/QH13:472 92/2015/QH13:217 326/2016/UBTVQH14:25 100/2015/QH13:196 93/2015/QH13:3 92/2015/QH13:361 92/2015/QH13:210 100/2015/QH13:333 93/2015/QH13:33 93/2015/QH13:118 100/2015/QH13:195 26/2008/QH12:139,"['92/2015/QH13:68', '92/2015/QH13:40', '92/2015/QH13:30', '92/2015/QH13:192', '91/2015/QH13:429', '92/2015/QH13:245', '92/2015/QH13:203', '92/2015/QH13:194', '92/2015/QH13:26', '100/2015/QH13:192', '92/2015/QH13:35', '91/2015/QH13:444', '100/2015/QH13:203', '92/2015/QH13:472', '92/2015/QH13:217', '326/2016/UBTVQH14:25', '100/2015/QH13:196', '93/2015/QH13:3', '92/2015/QH13:361', '92/2015/QH13:210', '100/2015/QH13:333', '93/2015/QH13:33', '93/2015/QH13:118', '100/2015/QH13:195', '26/2008/QH12:139']","['92/2015/QH13:68', '92/2015/QH13:30', '91/2015/QH13:429', '92/2015/QH13:245', '92/2015/QH13:40', '92/2015/QH13:203', '92/2015/QH13:26', '92/2015/QH13:35']",,326/2016/UBTVQH14:26 91/2015/QH13:166 91/2015/QH13:357 91/2015/QH13:370 91/2015/QH13:468 92/2015/QH13:147 92/2015/QH13:227 92/2015/QH13:228,
case_7467,16,16,0,30,8,56,104,8,22,True,end_to_end,22,1.0,0.0,1.0,0.0625,0.11764705882352941,1.0,1.0,0.0,0.6666666666666666,0.125,0.21052631578947367,1.0,1.0,0.0,0.4,0.125,0.19047619047619047,1.0,1.0,0.0,0.5,0.25,0.3333333333333333,1.0,1.0,0.0,0.22727272727272727,0.3125,0.2631578947368421,1.0,326/2016/UBTVQH14:12 326/2016/UBTVQH14:26 326/2016/UBTVQH14:27 91/2015/QH13:623 91/2015/QH13:630 91/2015/QH13:643 91/2015/QH13:650 91/2015/QH13:651 91/2015/QH13:652 92/2015/QH13:147 92/2015/QH13:157 92/2015/QH13:165 92/2015/QH13:228 92/2015/QH13:26 92/2015/QH13:35 92/2015/QH13:39,91/2015/QH13:651 92/2015/QH13:40 92/2015/QH13:26 45/2013/QH13:186 91/2015/QH13:662 91/2015/QH13:680 91/2015/QH13:623 326/2016/UBTVQH14:27 91/2015/QH13:655 91/2015/QH13:659 91/2015/QH13:661 45/2013/QH13:179 91/2015/QH13:660 91/2015/QH13:650 91/2015/QH13:644 52/2014/QH13:33 91/2015/QH13:642 91/2015/QH13:615 45/2013/QH13:167 91/2015/QH13:657 91/2015/QH13:619 91/2015/QH13:654,"['91/2015/QH13:651', '92/2015/QH13:40', '92/2015/QH13:26', '45/2013/QH13:186', '91/2015/QH13:662', '91/2015/QH13:680', '91/2015/QH13:623', '326/2016/UBTVQH14:27', '91/2015/QH13:655', '91/2015/QH13:659', '91/2015/QH13:661', '45/2013/QH13:179', '91/2015/QH13:660', '91/2015/QH13:650', '91/2015/QH13:644', '52/2014/QH13:33', '91/2015/QH13:642', '91/2015/QH13:615', '45/2013/QH13:167', '91/2015/QH13:657', '91/2015/QH13:619', '91/2015/QH13:654']","['91/2015/QH13:651', '92/2015/QH13:26', '91/2015/QH13:662', '91/2015/QH13:680', '91/2015/QH13:623', '91/2015/QH13:655', '91/2015/QH13:659', '91/2015/QH13:661']",326/2016/UBTVQH14:27 91/2015/QH13:623 91/2015/QH13:650 91/2015/QH13:651 92/2015/QH13:26,326/2016/UBTVQH14:12 326/2016/UBTVQH14:26 91/2015/QH13:630 91/2015/QH13:643 91/2015/QH13:652 92/2015/QH13:147 92/2015/QH13:157 92/2015/QH13:165 92/2015/QH13:228 92/2015/QH13:35 92/2015/QH13:39,
case_149,7,7,0,30,8,27,73,8,22,True,end_to_end,22,0.0,0.0,0.0,0.0,0.0,0.0,0.0,0.0,0.0,0.0,0.0,0.0,0.0,0.0,0.0,0.0,0.0,0.0,0.0,0.0,0.0,0.0,0.0,0.0,0.0,0.0,0.0,0.0,0.0,0.0,326/2016/UBTVQH14:12 326/2016/UBTVQH14:26 45/2013/QH13:167 52/2014/QH13:45 92/2015/QH13:147 92/2015/QH13:26 92/2015/QH13:35,326/2016/UBTVQH14:27 92/2015/QH13:192 91/2015/QH13:429 91/2015/QH13:588 66/2014/QH13:38 100/2015/QH13:217 66/2014/QH13:41 92/2015/QH13:472 91/2015/QH13:332 92/2015/QH13:40 66/2014/QH13:49 45/2013/QH13:188 93/2015/QH13:33 100/2015/QH13:276 92/2015/QH13:194 91/2015/QH13:155 92/2015/QH13:465 100/2015/QH13:380 93/2015/QH13:7 93/2015/QH13:118 93/2015/QH13:123 100/2015/QH13:189,"['326/2016/UBTVQH14:27', '92/2015/QH13:192', '91/2015/QH13:429', '91/2015/QH13:588', '66/2014/QH13:38', '100/2015/QH13:217', '66/2014/QH13:41', '92/2015/QH13:472', '91/2015/QH13:332', '92/2015/QH13:40', '66/2014/QH13:49', '45/2013/QH13:188', '93/2015/QH13:33', '100/2015/QH13:276', '92/2015/QH13:194', '91/2015/QH13:155', '92/2015/QH13:465', '100/2015/QH13:380', '93/2015/QH13:7', '93/2015/QH13:118', '93/2015/QH13:123', '100/2015/QH13:189']","['326/2016/UBTVQH14:27', '91/2015/QH13:429', '91/2015/QH13:588', '66/2014/QH13:38', '66/2014/QH13:41', '91/2015/QH13:332', '66/2014/QH13:49', '92/2015/QH13:472']",,326/2016/UBTVQH14:12 326/2016/UBTVQH14:26 45/2013/QH13:167 52/2014/QH13:45 92/2015/QH13:147 92/2015/QH13:26 92/2015/QH13:35,
case_3079,12,7,5,30,8,27,68,8,22,True,end_to_end,22,0.0,0.0,0.0,0.0,0.0,0.0,0.0,0.0,0.0,0.0,0.0,0.0,0.0,0.0,0.0,0.0,0.0,0.0,0.0,0.0,0.0,0.0,0.0,0.0,0.0,0.0,0.0,0.0,0.0,0.0,326/2016/UBTVQH14:12 326/2016/UBTVQH14:26 92/2015/QH13:147 92/2015/QH13:26 92/2015/QH13:35 92/2015/QH13:39 92/2015/QH13:92,91/2015/QH13:590 92/2015/QH13:68 100/2015/QH13:314 91/2015/QH13:592 91/2015/QH13:591 91/2015/QH13:584 91/2015/QH13:606 100/2015/QH13:275 91/2015/QH13:588 100/2015/QH13:276 91/2015/QH13:419 92/2015/QH13:40 100/2015/QH13:238 91/2015/QH13:528 91/2015/QH13:607 91/2015/QH13:687 91/2015/QH13:361 100/2015/QH13:284 91/2015/QH13:185 100/2015/QH13:315 100/2015/QH13:298 91/2015/QH13:589,"['91/2015/QH13:590', '92/2015/QH13:68', '100/2015/QH13:314', '91/2015/QH13:592', '91/2015/QH13:591', '91/2015/QH13:584', '91/2015/QH13:606', '100/2015/QH13:275', '91/2015/QH13:588', '100/2015/QH13:276', '91/2015/QH13:419', '92/2015/QH13:40', '100/2015/QH13:238', '91/2015/QH13:528', '91/2015/QH13:607', '91/2015/QH13:687', '91/2015/QH13:361', '100/2015/QH13:284', '91/2015/QH13:185', '100/2015/QH13:315', '100/2015/QH13:298', '91/2015/QH13:589']","['91/2015/QH13:590', '92/2015/QH13:68', '91/2015/QH13:592', '91/2015/QH13:591', '91/2015/QH13:584', '91/2015/QH13:606', '91/2015/QH13:588', '91/2015/QH13:419']",,326/2016/UBTVQH14:12 326/2016/UBTVQH14:26 92/2015/QH13:147 92/2015/QH13:26 92/2015/QH13:35 92/2015/QH13:39 92/2015/QH13:92,Bộ luật Dân sự năm 2005 | Article 604 | legacy_law_not_in_index Bộ luật Dân sự năm 2005 | Article 605 | legacy_law_not_in_index Bộ luật Dân sự năm 2005 | Article 606 | legacy_law_not_in_index Bộ luật Dân sự năm 2005 | Article 608 | legacy_law_not_in_index Bộ luật Dân sự năm 2005 | Article 609 | legacy_law_not_in_index
case_8812,9,9,0,30,8,21,59,8,22,True,end_to_end,22,0.0,0.0,0.0,0.0,0.0,0.0,0.0,0.0,0.0,0.0,0.0,0.0,0.0,0.0,0.0,0.0,0.0,0.0,0.0,0.0,0.0,0.0,0.0,0.0,1.0,0.0,0.045454545454545456,0.1111111111111111,0.06451612903225805,0.058823529411764705,91/2015/QH13:357 91/2015/QH13:584 91/2015/QH13:585 91/2015/QH13:586 91/2015/QH13:587 91/2015/QH13:590 92/2015/QH13:227 92/2015/QH13:228 92/2015/QH13:244,92/2015/QH13:68 100/2015/QH13:264 100/2015/QH13:271 100/2015/QH13:270 91/2015/QH13:588 91/2015/QH13:592 100/2015/QH13:238 100/2015/QH13:263 92/2015/QH13:245 91/2015/QH13:596 100/2015/QH13:275 100/2015/QH13:314 100/2015/QH13:265 92/2015/QH13:217 92/2015/QH13:192 92/2015/QH13:40 91/2015/QH13:590 100/2015/QH13:135 93/2015/QH13:7 92/2015/QH13:473 100/2015/QH13:276 91/2015/QH13:606,"['92/2015/QH13:68', '100/2015/QH13:264', '100/2015/QH13:271', '100/2015/QH13:270', '91/2015/QH13:588', '91/2015/QH13:592', '100/2015/QH13:238', '100/2015/QH13:263', '92/2015/QH13:245', '91/2015/QH13:596', '100/2015/QH13:275', '100/2015/QH13:314', '100/2015/QH13:265', '92/2015/QH13:217', '92/2015/QH13:192', '92/2015/QH13:40', '91/2015/QH13:590', '100/2015/QH13:135', '93/2015/QH13:7', '92/2015/QH13:473', '100/2015/QH13:276', '91/2015/QH13:606']","['92/2015/QH13:68', '100/2015/QH13:271', '91/2015/QH13:588', '91/2015/QH13:592', '100/2015/QH13:264', '92/2015/QH13:245', '91/2015/QH13:596', '100/2015/QH13:270']",91/2015/QH13:590,91/2015/QH13:357 91/2015/QH13:584 91/2015/QH13:585 91/2015/QH13:586 91/2015/QH13:587 92/2015/QH13:227 92/2015/QH13:228 92/2015/QH13:244,
case_5057,16,15,1,30,8,31,86,8,22,True,end_to_end,22,0.0,0.0,0.0,0.0,0.0,0.0,0.0,0.0,0.0,0.0,0.0,0.0,0.0,0.0,0.0,0.0,0.0,0.0,0.0,0.0,0.0,0.0,0.0,0.0,0.0,0.0,0.0,0.0,0.0,0.0,326/2016/UBTVQH14:48 45/2013/QH13:166 91/2015/QH13:274 91/2015/QH13:351 91/2015/QH13:353 92/2015/QH13:147 92/2015/QH13:157 92/2015/QH13:165 92/2015/QH13:26 92/2015/QH13:271 92/2015/QH13:273 92/2015/QH13:35 92/2015/QH13:39 92/2015/QH13:86 92/2015/QH13:91,91/2015/QH13:429 92/2015/QH13:192 91/2015/QH13:155 92/2015/QH13:189 93/2015/QH13:118 26/2008/QH12:113 93/2015/QH13:116 45/2013/QH13:188 45/2013/QH13:179 26/2008/QH12:75 45/2013/QH13:203 92/2015/QH13:194 93/2015/QH13:140 45/2013/QH13:169 45/2013/QH13:98 92/2015/QH13:473 92/2015/QH13:40 45/2013/QH13:126 100/2015/QH13:256 93/2015/QH13:33 326/2016/UBTVQH14:27 92/2015/QH13:465,"['91/2015/QH13:429', '92/2015/QH13:192', '91/2015/QH13:155', '92/2015/QH13:189', '93/2015/QH13:118', '26/2008/QH12:113', '93/2015/QH13:116', '45/2013/QH13:188', '45/2013/QH13:179', '26/2008/QH12:75', '45/2013/QH13:203', '92/2015/QH13:194', '93/2015/QH13:140', '45/2013/QH13:169', '45/2013/QH13:98', '92/2015/QH13:473', '92/2015/QH13:40', '45/2013/QH13:126', '100/2015/QH13:256', '93/2015/QH13:33', '326/2016/UBTVQH14:27', '92/2015/QH13:465']","['91/2015/QH13:429', '91/2015/QH13:155', '92/2015/QH13:192', '93/2015/QH13:118', '93/2015/QH13:116', '45/2013/QH13:188', '26/2008/QH12:75']",,326/2016/UBTVQH14:48 45/2013/QH13:166 91/2015/QH13:274 91/2015/QH13:351 91/2015/QH13:353 92/2015/QH13:147 92/2015/QH13:157 92/2015/QH13:165 92/2015/QH13:26 92/2015/QH13:271 92/2015/QH13:273 92/2015/QH13:35 92/2015/QH13:39 92/2015/QH13:86 92/2015/QH13:91,Pháp lệnh số 10/2009/UBTVQH12 | Article 27 | legacy_law_not_in_index
case_551,15,12,3,30,8,43,92,8,22,True,end_to_end,22,0.0,0.0,0.0,0.0,0.0,0.0,0.0,0.0,0.0,0.0,0.0,0.0,0.0,0.0,0.0,0.0,0.0,0.0,1.0,0.0,0.125,0.08333333333333333,0.1,0.14285714285714285,1.0,0.0,0.045454545454545456,0.08333333333333333,0.05882352941176471,0.14285714285714285,02/2011/QH13:1 02/2011/QH13:19 02/2011/QH13:2 02/2011/QH13:20 02/2011/QH13:38 02/2011/QH13:39 45/2013/QH13:166 91/2015/QH13:116 91/2015/QH13:185 91/2015/QH13:579 92/2015/QH13:147 93/2015/QH13:193,92/2015/QH13:68 92/2015/QH13:40 93/2015/QH13:235 92/2015/QH13:192 92/2015/QH13:245 92/2015/QH13:299 93/2015/QH13:193 92/2015/QH13:465 45/2013/QH13:203 93/2015/QH13:3 92/2015/QH13:217 93/2015/QH13:33 91/2015/QH13:429 92/2015/QH13:472 93/2015/QH13:118 45/2013/QH13:202 93/2015/QH13:234 93/2015/QH13:57 26/2008/QH12:116 92/2015/QH13:248 92/2015/QH13:26 92/2015/QH13:189,"['92/2015/QH13:68', '92/2015/QH13:40', '93/2015/QH13:235', '92/2015/QH13:192', '92/2015/QH13:245', '92/2015/QH13:299', '93/2015/QH13:193', '92/2015/QH13:465', '45/2013/QH13:203', '93/2015/QH13:3', '92/2015/QH13:217', '93/2015/QH13:33', '91/2015/QH13:429', '92/2015/QH13:472', '93/2015/QH13:118', '45/2013/QH13:202', '93/2015/QH13:234', '93/2015/QH13:57', '26/2008/QH12:116', '92/2015/QH13:248', '92/2015/QH13:26', '92/2015/QH13:189']","['92/2015/QH13:68', '93/2015/QH13:235', '92/2015/QH13:245', '92/2015/QH13:299', '92/2015/QH13:465', '45/2013/QH13:203', '93/2015/QH13:193']",93/2015/QH13:193,02/2011/QH13:1 02/2011/QH13:19 02/2011/QH13:2 02/2011/QH13:20 02/2011/QH13:38 02/2011/QH13:39 45/2013/QH13:166 91/2015/QH13:116 91/2015/QH13:185 91/2015/QH13:579 92/2015/QH13:147,Luật đất đai 2003 | Article 50 | legacy_law_not_in_index Luật đất đai 2003 | Article 52 | legacy_law_not_in_index Nghị định 181/2004/NĐ-CP ngày 29/10/2004 | Article 48 | legacy_law_not_in_index
case_669,11,10,1,30,8,35,81,8,22,True,end_to_end,22,0.0,0.0,0.0,0.0,0.0,0.0,0.0,0.0,0.0,0.0,0.0,0.0,0.0,0.0,0.0,0.0,0.0,0.0,0.0,0.0,0.0,0.0,0.0,0.0,0.0,0.0,0.0,0.0,0.0,0.0,326/2016/UBTVQH14:48 91/2015/QH13:688 92/2015/QH13:147 92/2015/QH13:157 92/2015/QH13:165 92/2015/QH13:26 92/2015/QH13:266 92/2015/QH13:273 92/2015/QH13:35 92/2015/QH13:39,92/2015/QH13:68 92/2015/QH13:40 92/2015/QH13:299 92/2015/QH13:192 92/2015/QH13:245 326/2016/UBTVQH14:27 91/2015/QH13:429 45/2013/QH13:188 100/2015/QH13:229 66/2014/QH13:47 91/2015/QH13:500 93/2015/QH13:235 66/2014/QH13:53 93/2015/QH13:234 45/2013/QH13:193 66/2014/QH13:49 92/2015/QH13:217 91/2015/QH13:444 91/2015/QH13:427 92/2015/QH13:462 92/2015/QH13:472 45/2013/QH13:203,"['92/2015/QH13:68', '92/2015/QH13:40', '92/2015/QH13:299', '92/2015/QH13:192', '92/2015/QH13:245', '326/2016/UBTVQH14:27', '91/2015/QH13:429', '45/2013/QH13:188', '100/2015/QH13:229', '66/2014/QH13:47', '91/2015/QH13:500', '93/2015/QH13:235', '66/2014/QH13:53', '93/2015/QH13:234', '45/2013/QH13:193', '66/2014/QH13:49', '92/2015/QH13:217', '91/2015/QH13:444', '91/2015/QH13:427', '92/2015/QH13:462', '92/2015/QH13:472', '45/2013/QH13:203']","['92/2015/QH13:68', '92/2015/QH13:299', '92/2015/QH13:245', '91/2015/QH13:429', '45/2013/QH13:188', '66/2014/QH13:47', '91/2015/QH13:500']",,326/2016/UBTVQH14:48 91/2015/QH13:688 92/2015/QH13:147 92/2015/QH13:157 92/2015/QH13:165 92/2015/QH13:26 92/2015/QH13:266 92/2015/QH13:273 92/2015/QH13:35 92/2015/QH13:39,Bộ luật dân sự năm 2005 | Article 297 | legacy_law_not_in_index
case_4557,18,18,0,30,8,48,101,8,22,True,end_to_end,22,0.0,0.0,0.0,0.0,0.0,0.0,1.0,0.0,0.3333333333333333,0.05555555555555555,0.09523809523809525,0.5,1.0,0.0,0.2,0.05555555555555555,0.08695652173913045,0.5,1.0,0.0,0.125,0.05555555555555555,0.07692307692307691,0.5,1.0,0.0,0.18181818181818182,0.2222222222222222,0.19999999999999998,0.5,37/2015/NĐ-CP:3 37/2015/NĐ-CP:4 50/2014/QH13:138 50/2014/QH13:139 50/2014/QH13:140 50/2014/QH13:146 91/2015/QH13:385 91/2015/QH13:419 92/2015/QH13:144 92/2015/QH13:147 92/2015/QH13:227 92/2015/QH13:228 92/2015/QH13:244 92/2015/QH13:26 92/2015/QH13:35 92/2015/QH13:39 92/2015/QH13:40 92/2015/QH13:91,91/2015/QH13:429 92/2015/QH13:40 93/2015/QH13:7 100/2015/QH13:217 91/2015/QH13:516 91/2015/QH13:478 91/2015/QH13:520 93/2015/QH13:3 91/2015/QH13:428 92/2015/QH13:26 91/2015/QH13:588 92/2015/QH13:68 92/2015/QH13:114 37/2015/NĐ-CP:3 91/2015/QH13:402 92/2015/QH13:217 93/2015/QH13:78 37/2015/NĐ-CP:41 91/2015/QH13:551 92/2015/QH13:192 91/2015/QH13:419 93/2015/QH13:118,"['91/2015/QH13:429', '92/2015/QH13:40', '93/2015/QH13:7', '100/2015/QH13:217', '91/2015/QH13:516', '91/2015/QH13:478', '91/2015/QH13:520', '93/2015/QH13:3', '91/2015/QH13:428', '92/2015/QH13:26', '91/2015/QH13:588', '92/2015/QH13:68', '92/2015/QH13:114', '37/2015/NĐ-CP:3', '91/2015/QH13:402', '92/2015/QH13:217', '93/2015/QH13:78', '37/2015/NĐ-CP:41', '91/2015/QH13:551', '92/2015/QH13:192', '91/2015/QH13:419', '93/2015/QH13:118']","['91/2015/QH13:429', '93/2015/QH13:7', '91/2015/QH13:516', '91/2015/QH13:478', '91/2015/QH13:520', '91/2015/QH13:428', '92/2015/QH13:26', '91/2015/QH13:588']",37/2015/NĐ-CP:3 91/2015/QH13:419 92/2015/QH13:26 92/2015/QH13:40,37/2015/NĐ-CP:4 50/2014/QH13:138 50/2014/QH13:139 50/2014/QH13:140 50/2014/QH13:146 91/2015/QH13:385 92/2015/QH13:144 92/2015/QH13:147 92/2015/QH13:227 92/2015/QH13:228 92/2015/QH13:244 92/2015/QH13:35 92/2015/QH13:39 92/2015/QH13:91,
case_950,13,6,7,30,8,40,91,8,22,True,end_to_end,22,0.0,0.0,0.0,0.0,0.0,0.0,0.0,0.0,0.0,0.0,0.0,0.0,0.0,0.0,0.0,0.0,0.0,0.0,0.0,0.0,0.0,0.0,0.0,0.0,0.0,0.0,0.0,0.0,0.0,0.0,92/2015/QH13:144 92/2015/QH13:147 92/2015/QH13:157 92/2015/QH13:165 92/2015/QH13:227 92/2015/QH13:228,92/2015/QH13:68 92/2015/QH13:40 100/2015/QH13:228 100/2015/QH13:174 45/2013/QH13:26 45/2013/QH13:101 45/2013/QH13:166 92/2015/QH13:192 45/2013/QH13:188 93/2015/QH13:3 91/2015/QH13:175 100/2015/QH13:213 100/2015/QH13:423 45/2013/QH13:203 45/2013/QH13:102 92/2015/QH13:245 100/2015/QH13:333 45/2013/QH13:169 92/2015/QH13:217 100/2015/QH13:290 100/2015/QH13:422 45/2013/QH13:202,"['92/2015/QH13:68', '92/2015/QH13:40', '100/2015/QH13:228', '100/2015/QH13:174', '45/2013/QH13:26', '45/2013/QH13:101', '45/2013/QH13:166', '92/2015/QH13:192', '45/2013/QH13:188', '93/2015/QH13:3', '91/2015/QH13:175', '100/2015/QH13:213', '100/2015/QH13:423', '45/2013/QH13:203', '45/2013/QH13:102', '92/2015/QH13:245', '100/2015/QH13:333', '45/2013/QH13:169', '92/2015/QH13:217', '100/2015/QH13:290', '100/2015/QH13:422', '45/2013/QH13:202']","['92/2015/QH13:68', '100/2015/QH13:228', '45/2013/QH13:26', '45/2013/QH13:101', '45/2013/QH13:166']",,92/2015/QH13:144 92/2015/QH13:147 92/2015/QH13:157 92/2015/QH13:165 92/2015/QH13:227 92/2015/QH13:228,Bộ luật Dân sự năm 2005 | Article 234 | legacy_law_not_in_index Bộ luật Dân sự năm 2005 | Article 604 | legacy_law_not_in_index Luật Đất đai năm 2003 | Article 49 | legacy_law_not_in_index Luật Đất đai năm 2003 | Article 50 | legacy_law_not_in_index Luật Đất đai năm 2003 | Article 52 | legacy_law_not_in_index Luật Đất đai năm 2003 | Article 105 | legacy_law_not_in_index Luật Đất đai năm 2003 | Article 123 | legacy_law_not_in_index
case_2035,12,5,7,30,8,44,95,8,22,True,end_to_end,22,0.0,0.0,0.0,0.0,0.0,0.0,0.0,0.0,0.0,0.0,0.0,0.0,0.0,0.0,0.0,0.0,0.0,0.0,0.0,0.0,0.0,0.0,0.0,0.0,0.0,0.0,0.0,0.0,0.0,0.0,45/2013/QH13:166 45/2013/QH13:170 45/2013/QH13:26 91/2015/QH13:266 91/2015/QH13:271,92/2015/QH13:68 92/2015/QH13:40 92/2015/QH13:189 91/2015/QH13:178 91/2015/QH13:429 92/2015/QH13:465 45/2013/QH13:203 93/2015/QH13:117 45/2013/QH13:169 45/2013/QH13:3 92/2015/QH13:26 93/2015/QH13:118 92/2015/QH13:32 45/2013/QH13:202 26/2008/QH12:75 93/2015/QH13:121 92/2015/QH13:186 92/2015/QH13:458 92/2015/QH13:260 92/2015/QH13:30 92/2015/QH13:248 92/2015/QH13:361,"['92/2015/QH13:68', '92/2015/QH13:40', '92/2015/QH13:189', '91/2015/QH13:178', '91/2015/QH13:429', '92/2015/QH13:465', '45/2013/QH13:203', '93/2015/QH13:117', '45/2013/QH13:169', '45/2013/QH13:3', '92/2015/QH13:26', '93/2015/QH13:118', '92/2015/QH13:32', '45/2013/QH13:202', '26/2008/QH12:75', '93/2015/QH13:121', '92/2015/QH13:186', '92/2015/QH13:458', '92/2015/QH13:260', '92/2015/QH13:30', '92/2015/QH13:248', '92/2015/QH13:361']","['92/2015/QH13:68', '92/2015/QH13:189', '91/2015/QH13:178', '91/2015/QH13:429', '92/2015/QH13:465', '45/2013/QH13:203', '93/2015/QH13:117']",,45/2013/QH13:166 45/2013/QH13:170 45/2013/QH13:26 91/2015/QH13:266 91/2015/QH13:271,Bộ luật tố tụng | Article 26 | legacy_law_not_in_index Bộ luật tố tụng | Article 35 | legacy_law_not_in_index Bộ luật tố tụng | Article 39 | legacy_law_not_in_index Bộ luật tố tụng | Article 144 | legacy_law_not_in_index Bộ luật tố tụng | Article 147 | legacy_law_not_in_index Bộ luật tố tụng | Article 227 | legacy_law_not_in_index Bộ luật tố tụng | Article 235 | legacy_law_not_in_index
case_8303,20,12,8,30,8,33,86,8,22,True,end_to_end,22,0.0,0.0,0.0,0.0,0.0,0.0,0.0,0.0,0.0,0.0,0.0,0.0,0.0,0.0,0.0,0.0,0.0,0.0,0.0,0.0,0.0,0.0,0.0,0.0,1.0,0.0,0.045454545454545456,0.08333333333333333,0.05882352941176471,0.05,326/2016/UBTVQH14:26 47/2010/QH12:91 47/2010/QH12:95 92/2015/QH13:146 92/2015/QH13:227 92/2015/QH13:228 92/2015/QH13:26 92/2015/QH13:271 92/2015/QH13:273 92/2015/QH13:35 92/2015/QH13:39 92/2015/QH13:95,91/2015/QH13:478 45/2013/QH13:179 45/2013/QH13:188 92/2015/QH13:40 326/2016/UBTVQH14:27 91/2015/QH13:429 45/2013/QH13:183 91/2015/QH13:444 92/2015/QH13:192 45/2013/QH13:167 45/2013/QH13:99 45/2013/QH13:169 92/2015/QH13:68 45/2013/QH13:174 91/2015/QH13:318 91/2015/QH13:155 52/2014/QH13:33 45/2013/QH13:175 91/2015/QH13:317 92/2015/QH13:26 45/2013/QH13:168 91/2015/QH13:325,"['91/2015/QH13:478', '45/2013/QH13:179', '45/2013/QH13:188', '92/2015/QH13:40', '326/2016/UBTVQH14:27', '91/2015/QH13:429', '45/2013/QH13:183', '91/2015/QH13:444', '92/2015/QH13:192', '45/2013/QH13:167', '45/2013/QH13:99', '45/2013/QH13:169', '92/2015/QH13:68', '45/2013/QH13:174', '91/2015/QH13:318', '91/2015/QH13:155', '52/2014/QH13:33', '45/2013/QH13:175', '91/2015/QH13:317', '92/2015/QH13:26', '45/2013/QH13:168', '91/2015/QH13:325']","['91/2015/QH13:478', '45/2013/QH13:188', '91/2015/QH13:429', '91/2015/QH13:444', '45/2013/QH13:167', '45/2013/QH13:99']",92/2015/QH13:26,326/2016/UBTVQH14:26 47/2010/QH12:91 47/2010/QH12:95 92/2015/QH13:146 92/2015/QH13:227 92/2015/QH13:228 92/2015/QH13:271 92/2015/QH13:273 92/2015/QH13:35 92/2015/QH13:39 92/2015/QH13:95,"Bộ luật dân sự năm 2005 | Article 122 | legacy_law_not_in_index Bộ luật dân sự năm 2005 | Article 124 | legacy_law_not_in_index Bộ luật dân sự năm 2005 | Article 343 | legacy_law_not_in_index Bộ luật dân sự năm 2005 | Article 351 | legacy_law_not_in_index Bộ luật dân sự năm 2005 | Article 355 | legacy_law_not_in_index Bộ luật dân sự năm 2005 | Article 422 | legacy_law_not_in_index Bộ luật dân sự năm 2005 | Article 721 | legacy_law_not_in_index Pháp lệnh án phí, lệ phí Tòa án | Article 14 | legacy_law_not_in_index"
case_4704,10,4,6,30,8,33,81,8,22,True,end_to_end,22,0.0,0.0,0.0,0.0,0.0,0.0,0.0,0.0,0.0,0.0,0.0,0.0,0.0,0.0,0.0,0.0,0.0,0.0,0.0,0.0,0.0,0.0,0.0,0.0,0.0,0.0,0.0,0.0,0.0,0.0,92/2015/QH13:165 92/2015/QH13:228 92/2015/QH13:26 92/2015/QH13:37,92/2015/QH13:192 92/2015/QH13:68 92/2015/QH13:40 45/2013/QH13:188 92/2015/QH13:189 91/2015/QH13:644 45/2013/QH13:186 92/2015/QH13:193 45/2013/QH13:179 91/2015/QH13:659 100/2015/QH13:281 100/2015/QH13:176 92/2015/QH13:248 91/2015/QH13:660 45/2013/QH13:167 91/2015/QH13:662 91/2015/QH13:615 93/2015/QH13:33 93/2015/QH13:123 93/2015/QH13:122 93/2015/QH13:121 93/2015/QH13:118,"['92/2015/QH13:192', '92/2015/QH13:68', '92/2015/QH13:40', '45/2013/QH13:188', '92/2015/QH13:189', '91/2015/QH13:644', '45/2013/QH13:186', '92/2015/QH13:193', '45/2013/QH13:179', '91/2015/QH13:659', '100/2015/QH13:281', '100/2015/QH13:176', '92/2015/QH13:248', '91/2015/QH13:660', '45/2013/QH13:167', '91/2015/QH13:662', '91/2015/QH13:615', '93/2015/QH13:33', '93/2015/QH13:123', '93/2015/QH13:122', '93/2015/QH13:121', '93/2015/QH13:118']","['92/2015/QH13:192', '92/2015/QH13:68', '45/2013/QH13:188', '91/2015/QH13:644', '92/2015/QH13:193', '91/2015/QH13:659']",,92/2015/QH13:165 92/2015/QH13:228 92/2015/QH13:26 92/2015/QH13:37,Bộ luật dân sự năm 2005 | Article 245 | legacy_law_not_in_index Bộ luật dân sự năm 2005 | Article 640 | legacy_law_not_in_index Bộ luật dân sự năm 2005 | Article 645 | legacy_law_not_in_index Bộ luật dân sự năm 2005 | Article 675 | legacy_law_not_in_index Bộ luật dân sự năm 2005 | Article 676 | legacy_law_not_in_index Bộ luật dân sự năm 2005 | Article 685 | legacy_law_not_in_index
case_4644,11,11,0,30,8,17,51,8,22,True,end_to_end,24,1.0,0.0,1.0,0.09090909090909091,0.16666666666666669,1.0,1.0,0.0,0.3333333333333333,0.09090909090909091,0.14285714285714288,1.0,1.0,0.0,0.2,0.09090909090909091,0.12500000000000003,1.0,1.0,0.0,0.125,0.09090909090909091,0.10526315789473685,1.0,1.0,0.0,0.041666666666666664,0.09090909090909091,0.05714285714285715,1.0,326/2016/UBTVQH14:26 91/2015/QH13:357 91/2015/QH13:584 91/2015/QH13:585 91/2015/QH13:586 91/2015/QH13:587 91/2015/QH13:590 92/2015/QH13:266 92/2015/QH13:271 92/2015/QH13:273 92/2015/QH13:35,91/2015/QH13:590 100/2015/QH13:238 100/2015/QH13:303 100/2015/QH13:314 100/2015/QH13:275 100/2015/QH13:199 100/2015/QH13:276 100/2015/QH13:265 91/2015/QH13:591 100/2015/QH13:305 100/2015/QH13:281 100/2015/QH13:114 100/2015/QH13:264 100/2015/QH13:134 100/2015/QH13:313 100/2015/QH13:283 100/2015/QH13:194 100/2015/QH13:261 100/2015/QH13:298 100/2015/QH13:284 100/2015/QH13:310 100/2015/QH13:266 100/2015/QH13:311 100/2015/QH13:227,"['91/2015/QH13:590', '100/2015/QH13:238', '100/2015/QH13:303', '100/2015/QH13:314', '100/2015/QH13:275', '100/2015/QH13:199', '100/2015/QH13:276', '100/2015/QH13:265', '91/2015/QH13:591', '100/2015/QH13:305', '100/2015/QH13:281', '100/2015/QH13:114', '100/2015/QH13:264', '100/2015/QH13:134', '100/2015/QH13:313', '100/2015/QH13:283', '100/2015/QH13:194', '100/2015/QH13:261', '100/2015/QH13:298', '100/2015/QH13:284', '100/2015/QH13:310', '100/2015/QH13:266', '100/2015/QH13:311', '100/2015/QH13:227']","['91/2015/QH13:590', '100/2015/QH13:303', '100/2015/QH13:199', '100/2015/QH13:238', '91/2015/QH13:591', '100/2015/QH13:314', '100/2015/QH13:114']",91/2015/QH13:590,326/2016/UBTVQH14:26 91/2015/QH13:357 91/2015/QH13:584 91/2015/QH13:585 91/2015/QH13:586 91/2015/QH13:587 92/2015/QH13:266 92/2015/QH13:271 92/2015/QH13:273 92/2015/QH13:35,
case_4834,11,11,0,30,8,27,65,8,22,True,end_to_end,22,0.0,0.0,0.0,0.0,0.0,0.0,0.0,0.0,0.0,0.0,0.0,0.0,0.0,0.0,0.0,0.0,0.0,0.0,0.0,0.0,0.0,0.0,0.0,0.0,0.0,0.0,0.0,0.0,0.0,0.0,326/2016/UBTVQH14:26 91/2015/QH13:357 91/2015/QH13:584 91/2015/QH13:585 91/2015/QH13:586 91/2015/QH13:587 91/2015/QH13:590 92/2015/QH13:266 92/2015/QH13:271 92/2015/QH13:273 92/2015/QH13:35,92/2015/QH13:68 92/2015/QH13:192 92/2015/QH13:189 92/2015/QH13:472 92/2015/QH13:194 92/2015/QH13:245 93/2015/QH13:123 91/2015/QH13:469 92/2015/QH13:218 93/2015/QH13:33 45/2013/QH13:179 92/2015/QH13:217 92/2015/QH13:465 93/2015/QH13:118 92/2015/QH13:473 93/2015/QH13:3 92/2015/QH13:40 91/2015/QH13:466 92/2015/QH13:299 91/2015/QH13:470 93/2015/QH13:119 92/2015/QH13:72,"['92/2015/QH13:68', '92/2015/QH13:192', '92/2015/QH13:189', '92/2015/QH13:472', '92/2015/QH13:194', '92/2015/QH13:245', '93/2015/QH13:123', '91/2015/QH13:469', '92/2015/QH13:218', '93/2015/QH13:33', '45/2013/QH13:179', '92/2015/QH13:217', '92/2015/QH13:465', '93/2015/QH13:118', '92/2015/QH13:473', '93/2015/QH13:3', '92/2015/QH13:40', '91/2015/QH13:466', '92/2015/QH13:299', '91/2015/QH13:470', '93/2015/QH13:119', '92/2015/QH13:72']","['92/2015/QH13:68', '92/2015/QH13:192', '92/2015/QH13:472', '92/2015/QH13:245', '93/2015/QH13:123', '92/2015/QH13:218']",,326/2016/UBTVQH14:26 91/2015/QH13:357 91/2015/QH13:584 91/2015/QH13:585 91/2015/QH13:586 91/2015/QH13:587 91/2015/QH13:590 92/2015/QH13:266 92/2015/QH13:271 92/2015/QH13:273 92/2015/QH13:35,
